, Open, High, Low, Close, Volume
06/14/23, 260.17, 261.57, 250.50, 256.79, 170575500
06/13/23, 253.51, 259.68, 251.34, 258.71, 162384297
06/12/23, 247.94, 250.97, 244.59, 249.83, 150740500
06/09/23, 249.07, 252.42, 242.02, 244.40, 200242406
06/08/23, 224.22, 235.23, 223.01, 234.86, 164489703
06/07/23, 228.00, 230.8296, 223.20, 224.57, 185710797
06/06/23, 216.14, 221.91, 212.53, 221.31, 146911594
06/05/23, 217.80, 221.29, 214.52, 217.61, 151143109
06/02/23, 210.15, 217.25, 209.752, 213.97, 164398406
06/01/23, 202.59, 209.80, 199.37, 207.52, 148029906
05/31/23, 199.78, 203.95, 195.12, 203.93, 150711703
05/30/23, 200.10, 204.48, 197.53, 201.16, 128818703
05/26/23, 184.62, 198.60, 184.53, 193.17, 162061500
05/25/23, 186.54, 186.78, 180.58, 184.47, 96870719
05/24/23, 182.23, 184.22, 178.22, 182.90, 137605109
05/23/23, 186.20, 192.96, 185.26, 185.77, 156952094
05/22/23, 180.70, 189.32, 180.11, 188.87, 132001406
05/19/23, 177.17, 181.95, 176.31, 180.14, 136196703
05/18/23, 174.22, 177.06, 172.45, 176.89, 109520305
05/17/23, 168.41, 174.50, 167.185, 173.86, 125473602
05/16/23, 165.65, 169.5184, 164.35, 166.52, 98288789
05/15/23, 167.655, 169.76, 164.5499, 166.35, 105592492
05/12/23, 176.07, 177.38, 167.23, 167.98, 157849594
05/11/23, 168.70, 173.57, 166.79, 172.08, 103889906
05/10/23, 172.55, 174.43, 166.68, 168.54, 119840703
05/09/23, 168.95, 169.82, 166.56, 169.15, 88965039
05/08/23, 173.72, 173.80, 169.19, 171.79, 112249398
05/05/23, 163.97, 170.7899, 163.51, 170.06, 107607297
05/04/23, 162.71, 162.95, 159.65, 161.20, 95108484
05/03/23, 160.01, 165.00, 159.91, 160.61, 119728000
05/02/23, 161.88, 165.49, 158.93, 160.31, 128259695
05/01/23, 163.17, 163.28, 158.83, 161.83, 109015000
04/28/23, 160.90, 165.00, 157.32, 164.31, 122515797
04/27/23, 152.64, 160.48, 152.37, 160.19, 127015203
04/26/23, 160.29, 160.67, 153.14, 153.75, 153364094
04/25/23, 159.82, 163.47, 158.75, 160.67, 121999297
04/24/23, 164.65, 165.65, 158.61, 162.55, 140006594
04/21/23, 164.80, 166.00, 161.3208, 165.08, 123539000
04/20/23, 166.165, 169.70, 160.56, 162.99, 210970797
04/19/23, 179.10, 183.50, 177.65, 180.59, 125732703
04/18/23, 187.15, 187.69, 183.5775, 184.31, 92067023
04/17/23, 186.32, 189.69, 182.69, 187.04, 116662203
04/14/23, 183.95, 186.28, 182.01, 185.00, 96438656
04/13/23, 182.955, 186.50, 180.94, 185.90, 112933000
04/12/23, 190.74, 191.5846, 180.31, 180.54, 150256297
04/11/23, 186.69, 189.19, 185.6475, 186.79, 115770898
04/10/23, 179.94, 185.10, 176.11, 184.51, 142154594
04/06/23, 183.08, 186.39, 179.74, 185.06, 123857906
04/05/23, 190.515, 190.68, 183.76, 185.52, 133882500
04/04/23, 197.32, 198.7446, 190.32, 192.58, 126463797
04/03/23, 199.91, 202.6897, 192.20, 194.77, 169545906
03/31/23, 197.53, 207.79, 197.20, 207.46, 170222094
03/30/23, 195.58, 197.33, 194.42, 195.28, 110252203
03/29/23, 193.13, 195.29, 189.44, 193.88, 123660000
03/28/23, 192.00, 192.35, 185.43, 189.19, 98654641
03/27/23, 194.415, 197.39, 189.94, 191.81, 120851602
03/24/23, 191.65, 192.36, 187.15, 190.41, 116531602
03/23/23, 195.26, 199.31, 188.65, 192.22, 144193906
03/22/23, 199.30, 200.66, 190.95, 191.15, 150376406
03/21/23, 188.28, 198.00, 188.04, 197.58, 153391391
03/20/23, 178.08, 186.44, 176.35, 183.25, 129684398
03/17/23, 184.515, 186.2199, 177.33, 180.13, 133197109
03/16/23, 180.365, 185.81, 178.84, 184.13, 121374492
03/15/23, 180.80, 182.34, 176.03, 180.45, 145995594
03/14/23, 177.31, 183.80, 177.1401, 183.26, 143717906
03/13/23, 167.455, 177.35, 163.91, 174.48, 167790297
03/10/23, 175.13, 178.29, 168.44, 173.44, 191488891
03/09/23, 180.25, 185.18, 172.5124, 172.92, 170023812
03/08/23, 185.04, 186.50, 180.00, 182.00, 151897797
03/07/23, 191.38, 194.20, 186.10, 187.71, 148125797
03/06/23, 198.54, 198.60, 192.30, 193.81, 128100094
03/03/23, 194.795, 200.48, 192.88, 197.79, 154193297
03/02/23, 186.74, 193.7499, 186.01, 190.90, 181979203
03/01/23, 206.21, 207.20, 198.52, 202.77, 156852797
02/28/23, 210.59, 211.23, 203.75, 205.71, 153144891
02/27/23, 202.03, 209.42, 201.26, 207.63, 161028297
02/24/23, 196.325, 197.6695, 192.80, 196.88, 142228094
02/23/23, 203.91, 205.14, 196.33, 202.07, 146360000
02/22/23, 197.93, 201.99, 191.78, 200.86, 191828500
02/21/23, 204.99, 209.71, 197.22, 197.37, 180018594
02/17/23, 199.985, 208.44, 197.50, 208.31, 213738500
02/16/23, 210.78, 217.65, 201.84, 202.04, 229586500
02/15/23, 211.755, 214.66, 206.11, 214.24, 182108609
02/14/23, 191.94, 209.82, 189.44, 209.25, 216455703
02/13/23, 194.415, 196.30, 187.61, 194.64, 172475500
02/10/23, 202.225, 206.20, 192.89, 196.89, 204754094
02/09/23, 207.775, 214.00, 204.77, 207.32, 215431391
02/08/23, 196.10, 203.00, 194.31, 201.29, 180673594
02/07/23, 196.43, 197.50, 189.55, 196.81, 186010297
02/06/23, 193.01, 198.17, 189.92, 194.76, 186188094
02/03/23, 183.95, 199.00, 183.69, 189.98, 232662000
02/02/23, 187.325, 196.7501, 182.61, 188.27, 217448297
02/01/23, 173.89, 183.805, 169.93, 181.41, 213806297
01/31/23, 164.57, 174.30, 162.78, 173.22, 196813500
01/30/23, 178.05, 179.77, 166.50, 166.66, 230878797
01/27/23, 162.43, 180.68, 161.17, 177.90, 306590594
01/26/23, 159.965, 161.42, 154.76, 160.27, 234815109
01/25/23, 141.905, 146.41, 138.07, 144.43, 192734297
01/24/23, 143.00, 146.50, 141.10, 143.89, 158699109
01/23/23, 135.87, 145.3793, 134.27, 143.75, 203119203
01/20/23, 128.68, 133.51, 127.3466, 133.42, 138858094
01/19/23, 127.26, 129.99, 124.3082, 127.17, 170291906
01/18/23, 136.555, 136.68, 127.01, 128.78, 195680297
01/17/23, 125.695, 131.70, 125.02, 131.49, 186476984
01/13/23, 116.55, 122.63, 115.60, 122.40, 180714094
01/12/23, 122.56, 124.1311, 117.00, 123.56, 169400891
01/11/23, 122.09, 125.95, 120.51, 123.22, 183810797
01/10/23, 121.07, 122.76, 114.92, 118.85, 167642500
01/09/23, 118.96, 123.52, 117.11, 119.77, 190284000
01/06/23, 103.00, 114.39, 101.81, 113.06, 220911109
01/05/23, 110.51, 111.75, 107.1601, 110.34, 157986297
01/04/23, 109.11, 114.59, 107.52, 113.64, 180388984
01/03/23, 118.47, 118.80, 104.64, 108.10, 231402797
12/30/22, 119.95, 124.48, 119.75, 123.18, 157777297
12/29/22, 120.385, 123.57, 117.495, 121.82, 221923297
12/28/22, 110.35, 116.27, 108.24, 112.71, 221070500
12/27/22, 117.495, 119.67, 108.76, 109.10, 208643391
12/23/22, 126.37, 128.6173, 121.02, 123.15, 166989703
12/22/22, 136.00, 136.63, 122.26, 125.35, 210090297
12/21/22, 139.335, 141.26, 135.89, 137.57, 145417406
12/20/22, 146.05, 148.47, 137.66, 137.80, 159563297
12/19/22, 154.00, 155.25, 145.82, 149.87, 139390594
12/16/22, 159.635, 160.99, 150.04, 150.23, 139032188
12/15/22, 153.44, 160.9299, 153.28, 157.67, 122334492
12/14/22, 159.25, 161.62, 155.31, 156.80, 140682297
12/13/22, 174.87, 175.05, 156.91, 160.95, 175862703
12/12/22, 176.10, 177.37, 167.52, 167.82, 109794492
12/09/22, 173.84, 182.50, 173.36, 179.05, 104872305
12/08/22, 172.20, 175.20, 169.06, 173.44, 97624484
12/07/22, 175.03, 179.38, 172.218, 174.04, 84213281
12/06/22, 181.215, 183.65, 175.33, 179.82, 92150812
12/05/22, 189.44, 191.27, 180.55, 182.45, 93122672
12/02/22, 191.78, 196.25, 191.11, 194.86, 73645922
12/01/22, 197.08, 198.92, 191.80, 194.70, 80046211
11/30/22, 182.43, 194.76, 180.6301, 194.70, 109186398
11/29/22, 184.99, 186.38, 178.75, 180.83, 83357109
11/28/22, 179.96, 188.50, 179.00, 182.92, 93038148
11/25/22, 185.06, 185.20, 180.63, 182.86, 50672738
11/23/22, 173.57, 183.62, 172.50, 183.20, 109536703
11/22/22, 168.63, 170.92, 166.185, 169.91, 78452328
11/21/22, 175.85, 176.77, 167.54, 167.87, 92882711
11/18/22, 185.05, 185.19, 176.55, 180.19, 76048875
11/17/22, 183.96, 186.16, 180.90, 183.17, 64335969
11/16/22, 191.51, 192.57, 185.66, 186.92, 66567602
11/15/22, 195.88, 200.8237, 192.06, 194.42, 91293789
11/14/22, 192.77, 195.73, 186.34, 190.95, 92226648
11/11/22, 186.00, 196.52, 182.59, 195.97, 114403602
11/10/22, 189.90, 191.00, 180.03, 190.72, 132703000
11/09/22, 190.775, 195.89, 177.12, 177.59, 127062703
11/08/22, 194.02, 195.20, 186.75, 191.30, 128803398
11/07/22, 208.65, 208.90, 196.66, 197.08, 93916523
11/04/22, 222.60, 223.80, 203.08, 207.47, 98622211
11/03/22, 211.36, 221.20, 210.14, 215.31, 56538848
11/02/22, 226.04, 227.8699, 214.82, 214.98, 63070289
11/01/22, 234.05, 237.3951, 227.28, 227.82, 62688820
10/31/22, 226.19, 229.85, 221.94, 227.54, 61554340
10/28/22, 225.40, 228.86, 216.35, 228.52, 69152391
10/27/22, 229.77, 233.81, 222.85, 225.09, 61638820
10/26/22, 219.40, 230.60, 218.20, 224.64, 85327078
10/25/22, 210.10, 224.3498, 210.00, 222.415, 96507875
10/24/22, 205.82, 213.50, 198.5863, 211.25, 100446797
10/21/22, 206.415, 214.66, 203.80, 214.44, 75713750
10/20/22, 208.28, 215.55, 202.00, 207.28, 117798094
10/19/22, 219.80, 222.93, 217.78, 222.04, 66571477
10/18/22, 229.50, 229.82, 217.25, 220.19, 75891914
10/17/22, 210.04, 221.86, 209.45, 219.35, 79428805
10/14/22, 224.01, 226.26, 204.16, 204.99, 94124516
10/13/22, 208.30, 222.99, 206.22, 221.72, 91483047
10/12/22, 215.33, 219.2999, 211.51, 217.24, 66860703
10/11/22, 220.945, 225.75, 215.00, 216.50, 77013203
10/10/22, 223.93, 226.99, 218.3582, 222.96, 67925023
10/07/22, 233.935, 234.5715, 222.02, 223.07, 83916797
10/06/22, 239.44, 244.58, 235.35, 238.13, 69298438
10/05/22, 245.01, 246.6697, 233.27, 240.81, 86982672
10/04/22, 250.52, 257.50, 242.01, 249.44, 109578492
10/03/22, 254.50, 255.16, 241.01, 242.40, 98363539
09/30/22, 266.145, 275.57, 262.47, 265.25, 67726602
09/29/22, 282.76, 283.65, 265.78, 268.21, 77620641
09/28/22, 283.08, 289.00, 277.57, 287.81, 54664809
09/27/22, 283.84, 288.67, 277.51, 282.94, 61925191
09/26/22, 271.83, 284.09, 270.31, 276.01, 58076910
09/23/22, 283.09, 284.50, 272.82, 275.33, 63748359
09/22/22, 299.86, 301.29, 285.82, 288.59, 70545406
09/21/22, 308.29, 313.80, 300.63, 300.80, 62555660
09/20/22, 306.91, 313.33, 305.58, 308.73, 61642781
09/19/22, 300.09, 309.84, 297.80, 309.07, 60231160
09/16/22, 299.605, 303.71, 295.6005, 303.35, 87087789
09/15/22, 301.825, 309.12, 300.7247, 303.75, 64795520
09/14/22, 292.24, 306.00, 291.64, 302.61, 72628648
09/13/22, 292.90, 297.3999, 290.40, 292.13, 68229617
09/12/22, 300.72, 305.49, 300.40, 304.42, 48674602
09/09/22, 291.67, 299.85, 291.245, 299.68, 54470848
09/08/22, 281.30, 289.50, 279.76, 289.26, 53713121
09/07/22, 273.10, 283.84, 272.27, 283.70, 50028922
09/06/22, 272.675, 275.99, 265.74, 274.42, 55859980
09/02/22, 281.065, 282.35, 269.08, 270.21, 50890090
09/01/22, 272.575, 277.58, 266.15, 277.16, 54287020
08/31/22, 280.62, 281.25, 271.81, 275.61, 52107340
08/30/22, 287.865, 288.48, 272.65, 277.70, 50541762
08/29/22, 282.83, 287.74, 280.70, 284.82, 41864738
08/26/22, 297.43, 302.00, 287.47, 288.09, 57163953
08/25/22, 302.36, 302.96, 291.60, 296.07, 53230008
08/24/22, 297.5634, 303.6467, 296.50, 297.0967, 57259708.3394685
08/23/22, 291.4533, 298.8267, 287.9233, 296.4533, 63985048.1444336
08/22/22, 291.9133, 292.40, 286.2967, 289.9133, 55843345.380543
08/19/22, 299.00, 300.36, 292.50, 296.6667, 61395391.2195336
08/18/22, 306.00, 306.50, 301.8533, 302.87, 47500528.6224847
08/17/22, 303.3967, 309.6567, 300.0333, 303.9967, 68765968.0057869
08/16/22, 311.6667, 314.6667, 302.8834, 306.5634, 88136301.4440472
08/15/22, 301.7867, 313.1334, 301.23, 309.32, 89359170.4085841
08/12/22, 289.415, 300.16, 285.0333, 300.03, 79657287.6899387
08/11/22, 296.5133, 298.2367, 285.8333, 286.63, 70155057.9655033
08/10/22, 297.0667, 297.51, 283.37, 294.3567, 94918854.2473532
08/09/22, 290.2933, 292.3967, 279.3533, 283.3333, 86244687.4989041
08/08/22, 295.00, 305.20, 289.0854, 290.4233, 99365283.1184068
08/05/22, 302.67, 304.6066, 285.5447, 288.17, 113172899.717986
08/04/22, 311.00, 313.6067, 305.00, 308.6334, 72256314.9045669
08/03/22, 305.00, 309.55, 301.15, 307.3967, 80091114.6773577
08/02/22, 294.0034, 307.8333, 292.6667, 300.5867, 95577477.2282532
08/01/22, 301.275, 311.8782, 295.00, 297.2767, 117042899.605756
07/29/22, 280.70, 298.32, 279.10, 297.15, 95312880.2359265
07/28/22, 280.0667, 283.30, 272.80, 280.90, 84722997.5430331
07/27/22, 263.81, 275.9256, 261.79, 274.82, 88109997.4448101
07/26/22, 266.5133, 267.31, 256.2633, 258.86, 66820768.0621977
07/25/22, 272.2167, 274.1467, 267.40, 268.4333, 64073518.141868
07/22/22, 276.22, 280.7867, 270.7133, 272.2433, 103472855.999287
07/21/22, 255.1067, 273.2667, 254.8667, 271.7067, 142032172.881067
07/20/22, 246.7833, 250.6633, 243.483, 247.50, 88864074.4229418
07/19/22, 245.00, 247.14, 236.9767, 245.53, 80890098.6541871
07/18/22, 244.9367, 250.5167, 239.6033, 240.5467, 82537437.6064143
07/15/22, 240.00, 243.6233, 236.89, 240.0667, 69683007.9791928
07/14/22, 234.8967, 238.6533, 229.3333, 238.3133, 78557487.7218329
07/13/22, 225.50, 242.06, 225.0333, 237.04, 97954497.1593196
07/12/22, 236.8467, 239.7733, 228.3683, 233.07, 87930957.4500022
07/11/22, 252.1033, 253.0633, 233.6267, 234.3433, 99509211.1142329
07/08/22, 242.3333, 254.98, 241.1614, 250.7633, 101854074.046232
07/07/22, 233.92, 245.3617, 232.21, 244.5433, 81930687.6240101
07/06/22, 230.78, 234.5633, 227.1867, 231.7333, 71853618.9162451
07/05/22, 223.00, 233.1467, 216.1667, 233.0667, 84779094.5414063
07/01/22, 227.00, 230.23, 222.12, 227.2633, 74460447.840647
06/30/22, 224.51, 229.4567, 218.8633, 224.4733, 94600437.2565873
06/29/22, 230.50, 231.1733, 222.2733, 228.49, 82897257.5959795
06/28/22, 244.4833, 249.97, 232.3433, 232.6633, 90666501.3706715
06/27/22, 249.3667, 252.07, 242.5655, 244.92, 89178297.4138294
06/24/22, 237.4683, 246.0667, 236.0867, 245.7067, 95770701.2226496
06/23/22, 237.905, 239.3167, 228.6367, 235.07, 104202686.978122
06/22/22, 234.5033, 246.8333, 233.8267, 236.0867, 101527263.055709
06/21/22, 224.6033, 243.5774, 224.3333, 237.0367, 122792972.439004
06/17/22, 213.4333, 220.9694, 213.1967, 216.76, 92641767.3133888
06/16/22, 222.7367, 225.1667, 208.6933, 213.10, 107390690.88567
06/15/22, 220.9167, 235.6633, 218.15, 233.00, 119131940.545174
06/14/22, 218.2867, 226.33, 211.7367, 220.89, 97988781.1583254
06/13/22, 223.1667, 226.6333, 214.6833, 215.7367, 102767259.01975
06/10/22, 235.1567, 239.50, 227.9133, 232.23, 98090904.1553638
06/09/22, 249.34, 255.5466, 239.3267, 239.7067, 96491301.2017523
06/08/22, 240.0867, 249.9633, 239.1767, 241.8667, 76210614.7898922
06/07/22, 234.00, 239.9967, 230.0933, 238.8867, 72808578.8885512
06/06/22, 244.3533, 244.8667, 234.35, 238.28, 84204501.5580694
06/03/22, 243.225, 247.7966, 233.4178, 234.5167, 112393730.740582
06/02/22, 244.1567, 264.21, 242.0667, 258.3333, 93473130.2892792
06/01/22, 251.72, 257.3267, 243.64, 246.79, 77247957.7598092
05/31/22, 257.9467, 259.60, 244.7433, 252.7533, 101914380.044483
05/27/22, 241.0833, 253.2667, 240.177, 253.21, 89294967.4104459
05/26/22, 220.4733, 239.5566, 217.8867, 235.91, 106003343.925903
05/25/22, 207.95, 223.1067, 207.67, 219.60, 92139324.3279596
05/24/22, 217.8433, 217.9733, 206.8567, 209.3867, 89092527.4163167
05/23/22, 218.34, 226.6517, 212.6867, 224.9667, 88903650.4217941
05/20/22, 237.9967, 240.5273, 211.00, 221.30, 144973318.795774
05/19/22, 235.6667, 244.6667, 231.37, 236.4733, 90296664.3813967
05/18/22, 248.1733, 253.50, 233.6033, 236.6033, 87811797.4534579
05/17/22, 249.12, 254.8267, 242.95, 253.87, 80236098.6731531
05/16/22, 255.72, 256.5867, 239.6962, 241.4567, 86098527.5031427
05/13/22, 257.8267, 262.45, 250.5217, 256.53, 92150727.3276289
05/12/22, 233.6667, 253.22, 226.6667, 242.6667, 140312854.930927
05/11/22, 265.00, 269.9233, 242.40, 244.6667, 97224447.180491
05/10/22, 273.1033, 275.12, 258.0833, 266.68, 84401640.5523524
05/09/22, 278.8167, 281.8767, 260.3834, 262.37, 90810207.366504
05/06/22, 295.6667, 296.00, 281.035, 288.55, 72903114.8858097
05/05/22, 313.07, 315.20, 285.90, 291.0933, 92519184.3169436
05/04/22, 301.3134, 318.50, 295.0933, 317.54, 81643701.6323326
05/03/22, 301.06, 308.0267, 296.1967, 303.0833, 63709585.152422
05/02/22, 286.9233, 302.12, 282.6767, 300.98, 75781380.80234
04/29/22, 300.75, 311.4666, 290.00, 290.2534, 88133007.4441428
04/28/22, 299.9933, 300.00, 273.90, 292.5034, 124948532.376493
04/27/22, 299.5267, 306.00, 292.4533, 293.8367, 76956384.7682648
04/26/22, 331.81, 333.3333, 291.6667, 292.14, 136133657.052124
04/25/22, 326.3233, 336.2067, 325.10, 332.6733, 68341339.0181012
04/22/22, 338.3033, 344.95, 331.3334, 335.0167, 69696564.9787996
04/21/22, 358.2433, 364.0733, 332.1383, 336.26, 105416339.942926
04/20/22, 343.3333, 344.6667, 325.0834, 325.7333, 70711314.9493719
04/19/22, 335.02, 344.98, 331.775, 342.7167, 49847815.5544133
04/18/22, 329.6767, 338.3067, 324.47, 334.7633, 51715228.5002584
04/14/22, 333.0967, 337.57, 327.3967, 328.3333, 58422421.3057498
04/13/22, 327.025, 342.08, 324.3657, 340.79, 55121218.4014847
04/12/22, 332.5467, 340.3973, 325.5334, 328.9833, 65976085.0866935
04/11/22, 326.80, 336.156, 324.88, 325.31, 59357218.2786407
04/08/22, 347.7367, 349.48, 340.8117, 341.83, 55013698.4046027
04/07/22, 350.7967, 358.8633, 340.5133, 352.42, 79447047.6960356
04/06/22, 357.8233, 359.6667, 342.5667, 348.5867, 89348541.4088923
04/05/22, 378.7667, 384.29, 362.4333, 363.7533, 80075007.6778248
04/04/22, 363.1267, 383.3033, 357.51, 381.8167, 82177701.6168466
04/01/22, 360.3833, 364.9167, 355.5467, 361.53, 54263218.4263667
03/31/22, 364.8567, 367.7133, 358.8803, 359.20, 48992758.57921
03/30/22, 363.7233, 371.3167, 361.3333, 364.6633, 59864998.263915
03/29/22, 369.33, 371.59, 357.7033, 366.5233, 73614807.8651706
03/28/22, 355.0333, 365.96, 351.20, 363.9467, 102506061.027324
03/25/22, 336.00, 340.60, 332.4401, 336.88, 62031538.2010854
03/24/22, 336.5767, 341.4967, 329.60, 337.9733, 68920891.0012942
03/23/22, 326.6467, 346.90, 325.4667, 333.0367, 120676133.500392
03/22/22, 310.00, 332.62, 307.25, 331.3267, 105868556.929812
03/21/22, 304.9933, 314.2833, 302.3633, 307.0533, 81981660.6225318
03/18/22, 291.4967, 302.6167, 289.13, 301.7967, 100414191.087988
03/17/22, 276.9967, 291.6667, 275.2393, 290.5333, 66582958.0690942
03/16/22, 269.6667, 280.6667, 267.42, 280.0767, 84028818.5631643
03/15/22, 258.4233, 268.5233, 252.19, 267.2967, 66841141.0616069
03/14/22, 260.2033, 266.90, 252.0133, 255.4567, 71152257.9365845
03/11/22, 280.0657, 281.2673, 264.59, 265.1167, 67037161.0559223
03/10/22, 283.8167, 284.8167, 270.1201, 279.4333, 58648651.2991891
03/09/22, 279.8267, 286.8533, 277.3367, 286.3233, 59183968.2836649
03/08/22, 265.1767, 283.33, 260.7233, 274.80, 80399094.6684263
03/07/22, 285.4333, 288.7133, 268.19, 268.1934, 72494160.8976693
03/04/22, 283.0333, 285.2167, 275.0536, 279.43, 67179859.0517841
03/03/22, 292.9233, 295.4797, 277.5334, 279.7633, 61623508.2129183
03/02/22, 290.71, 295.4933, 281.424, 293.2967, 74643447.83534
03/01/22, 289.8933, 296.6267, 284.5933, 288.1234, 74766858.8317611
02/28/22, 271.67, 292.2867, 271.5692, 290.1433, 99006864.1288009
02/25/22, 269.7433, 273.1667, 260.8002, 269.9567, 76067757.794035
02/24/22, 233.4633, 267.4933, 233.3333, 266.9233, 135322298.075653
02/23/22, 276.81, 278.4332, 253.52, 254.68, 95257017.2375465
02/22/22, 278.0433, 285.5779, 267.0334, 273.8433, 83288184.5846426
02/18/22, 295.3333, 295.6234, 279.2033, 285.66, 68501845.0134465
02/17/22, 304.42, 306.1666, 291.3667, 292.1167, 55178431.3998255
02/16/22, 304.6833, 308.81, 300.4033, 307.7967, 51294391.5124626
02/15/22, 300.00, 307.6667, 297.7925, 307.4767, 57649528.3281637
02/14/22, 287.19, 299.6266, 284.3834, 291.92, 67756411.0350641
02/11/22, 303.21, 305.32, 283.5667, 286.6667, 79645854.6902702
02/10/22, 302.79, 314.6033, 298.90, 301.5167, 66126835.0823218
02/09/22, 311.6667, 315.4233, 306.6667, 310.6667, 52259548.4844731
02/08/22, 301.8433, 308.7633, 298.2667, 307.3333, 50729008.5288588
02/07/22, 307.93, 315.9233, 300.903, 302.4467, 60994468.2311604
02/04/22, 299.0733, 312.1667, 293.7233, 307.7733, 73625457.8648617
02/03/22, 294.00, 312.3333, 293.5067, 297.0467, 78855564.7131886
02/02/22, 309.3933, 310.50, 296.47, 301.8867, 66793048.0630016
02/01/22, 311.7367, 314.5667, 301.6667, 310.4167, 73138338.8789882
01/31/22, 290.9033, 312.6633, 287.35, 312.24, 104436089.971353
01/28/22, 277.1867, 285.8333, 264.0034, 282.1167, 134788940.091121
01/27/22, 311.12, 311.7967, 276.3333, 276.3667, 147109555.733823
01/26/22, 317.4767, 329.23, 302.00, 312.47, 104867282.958849
01/25/22, 304.7333, 317.0867, 301.07, 306.1334, 86595900.4887189
01/24/22, 301.5867, 311.171, 283.8233, 310.00, 152375128.581121
01/21/22, 332.1133, 334.85, 313.50, 314.6334, 103416021.000935
01/20/22, 336.5767, 347.22, 331.3333, 332.09, 70488741.9558265
01/19/22, 347.235, 351.5567, 331.6667, 331.8834, 75442497.8121676
01/18/22, 342.2017, 356.93, 338.6867, 343.5033, 66989401.0573074
01/14/22, 339.96, 350.6667, 337.793, 349.87, 72924420.8851918
01/13/22, 369.6883, 371.8667, 342.1797, 343.8533, 97209777.1809164
01/12/22, 359.6167, 371.6133, 357.53, 368.74, 83739021.5715684
01/11/22, 351.2233, 358.6167, 346.2733, 354.80, 66063208.084167
01/10/22, 333.3333, 353.0333, 326.6667, 352.7067, 91814880.3373685
01/07/22, 360.1233, 360.31, 336.6667, 342.32, 84164757.559222
01/06/22, 359.00, 362.6667, 340.1667, 354.90, 90336477.3802422
01/05/22, 382.2167, 390.1133, 360.3367, 362.7067, 80119797.6765259
01/04/22, 396.5167, 402.6667, 374.35, 383.1967, 100248267.0928
01/03/22, 382.5833, 400.3567, 378.68, 399.9267, 104686052.964104
12/31/21, 357.8147, 360.6667, 351.53, 352.26, 40733638.8187245
12/30/21, 353.7767, 365.1833, 351.05, 356.78, 47040928.6358131
12/29/21, 366.2133, 368.00, 354.7133, 362.0633, 56154058.3715323
12/28/21, 369.83, 373.00, 359.4733, 362.8233, 60323911.2506066
12/27/21, 357.89, 372.3333, 356.905, 364.6467, 71145807.9367716
12/23/21, 335.60, 357.659, 332.52, 355.6667, 92713287.3113147
12/22/21, 321.8867, 338.5533, 319.0167, 336.29, 93634074.2846118
12/21/21, 305.6234, 313.1667, 295.3734, 312.8433, 71517930.92598
12/20/21, 303.5667, 307.2295, 297.7967, 299.98, 56480008.3620798
12/17/21, 304.9233, 320.22, 303.0134, 310.8567, 100880259.074472
12/16/21, 331.50, 331.66, 307.2833, 308.9733, 82771437.5996283
12/15/21, 317.7367, 326.25, 309.4167, 325.33, 75169221.8200926
12/14/21, 315.00, 322.1367, 310.00, 319.5034, 70806261.9466184
12/13/21, 333.6967, 335.00, 317.14, 322.1367, 78595497.7207306
12/10/21, 336.25, 340.3267, 327.51, 339.01, 59664355.2697337
12/09/21, 353.5467, 354.1633, 334.12, 334.60, 59438488.2762838
12/08/21, 350.9033, 357.46, 344.3333, 356.32, 41906368.7847153
12/07/21, 348.0667, 352.558, 342.27, 350.5833, 56084575.3735473
12/06/21, 333.8367, 340.5467, 316.8333, 336.3367, 81663114.6317697
12/03/21, 361.5967, 363.525, 333.4033, 338.3233, 92321997.3226621
12/02/21, 366.3533, 371.00, 352.2167, 361.5333, 73114854.8796692
12/01/21, 386.8983, 390.9467, 363.5867, 365.00, 68804095.0046812
11/30/21, 381.4567, 389.3333, 372.6667, 381.5867, 81276114.6429927
11/29/21, 366.9967, 380.89, 366.73, 378.9967, 58393411.3065911
11/26/21, 366.49, 369.5943, 360.3333, 360.64, 35042668.9837626
11/24/21, 360.13, 377.59, 354.00, 372.00, 67680718.0372592
11/23/21, 389.17, 393.50, 354.2333, 369.6767, 108515093.853062
11/22/21, 387.4433, 400.65, 377.4767, 385.6233, 99217533.1226916
11/19/21, 366.29, 379.5733, 364.2333, 379.02, 64926778.1171234
11/18/21, 368.85, 370.6667, 358.34, 365.46, 62696788.1817932
11/17/21, 354.5033, 373.2133, 351.8333, 363.0033, 94336098.2642532
11/16/21, 334.4367, 352.40, 334.06, 351.5767, 79627074.6908148
11/15/21, 339.21, 343.9933, 326.20, 337.7967, 104326940.974519
11/12/21, 349.1667, 351.50, 339.7333, 344.4733, 76719447.775136
11/11/21, 367.59, 368.3233, 351.56, 354.5033, 67189702.0514986
11/10/21, 336.8033, 359.3667, 329.1033, 355.9833, 128408153.276164
11/09/21, 391.20, 391.50, 337.1733, 341.1667, 177317514.857792
11/08/21, 383.2617, 399.00, 377.6667, 387.6467, 100337154.090223
11/05/21, 409.3333, 413.29, 402.6667, 407.3633, 64886431.1182935
11/04/21, 411.47, 414.4967, 405.6667, 409.97, 76192221.7904256
11/03/21, 392.4433, 405.13, 384.2067, 404.62, 103885556.987319
11/02/21, 386.4517, 402.8633, 382.00, 390.6667, 128213399.281811
11/01/21, 381.6667, 403.25, 372.8867, 402.8633, 168146152.123762
10/29/21, 360.62, 371.7367, 357.735, 371.3333, 89755257.3970976
10/28/21, 356.1017, 360.3333, 351.40, 359.0133, 81639501.6324544
10/27/21, 346.5533, 356.96, 343.5933, 345.9533, 115579379.648198
10/26/21, 341.5633, 364.98, 333.8133, 339.4767, 187244901.569898
10/25/21, 316.8433, 348.34, 314.7333, 341.62, 188556288.531868
10/22/21, 298.50, 303.3333, 296.9867, 303.2267, 68642518.009367
10/21/21, 285.3333, 300.00, 285.1682, 298.00, 94444338.2611142
10/20/21, 288.45, 289.83, 285.7933, 288.60, 42096148.7792117
10/19/21, 292.51, 292.65, 287.5034, 288.09, 52143391.4878416
10/18/21, 283.93, 291.7534, 283.8233, 290.0367, 72621717.8939702
10/15/21, 274.5793, 281.07, 274.1167, 281.01, 56773708.3535625
10/14/21, 271.83, 273.4167, 271.1167, 272.7733, 36741508.9344962
10/13/21, 270.1567, 271.8033, 268.5933, 270.36, 42360238.7715531
10/12/21, 266.9767, 270.7733, 265.5233, 268.5733, 66060115.0842567
10/11/21, 262.55, 267.08, 261.8333, 263.98, 42600958.7645722
10/08/21, 265.4033, 265.46, 260.3033, 261.83, 50215798.5437418
10/07/21, 261.82, 268.3333, 261.1267, 264.5367, 57587335.3299673
10/06/21, 258.7333, 262.22, 257.74, 260.9167, 43898308.726949
10/05/21, 261.5987, 265.77, 258.0667, 260.1967, 55297891.3963612
10/04/21, 265.50, 268.99, 258.7067, 260.51, 91450017.3479495
10/01/21, 259.4667, 260.26, 254.53, 258.4067, 51094228.5182674
09/30/21, 260.3333, 263.0435, 258.3333, 258.4933, 53867881.4378314
09/29/21, 259.9333, 264.50, 256.8933, 260.4367, 62828641.1779694
09/28/21, 262.40, 265.2133, 255.3934, 259.1867, 76144257.7918165
09/27/21, 257.7067, 266.3333, 256.4367, 263.7867, 84211977.5578526
09/24/21, 248.63, 258.2667, 248.1867, 258.13, 64119058.1405473
09/23/21, 251.6667, 252.7333, 249.3067, 251.2133, 35842588.9605649
09/22/21, 247.8421, 251.2233, 246.3733, 250.6467, 45378808.6840146
09/21/21, 244.93, 248.2466, 243.48, 246.46, 48992158.5792274
09/20/21, 244.8526, 247.3333, 239.5416, 243.39, 74272941.8460847
09/17/21, 252.3833, 253.68, 250.00, 253.1633, 84612537.5462364
09/16/21, 250.9433, 252.97, 249.2033, 252.33, 41770168.7886651
09/15/21, 248.3333, 252.2867, 246.12, 251.9433, 46073068.663881
09/14/21, 247.5233, 251.49, 245.4667, 248.1633, 55574641.3883354
09/13/21, 246.738, 248.26, 236.2833, 247.6667, 68857438.0031343
09/10/21, 253.20, 254.2033, 244.84, 245.4233, 45552508.6789772
09/09/21, 251.1367, 254.0333, 250.5434, 251.62, 42233188.7752375
09/08/21, 253.86, 254.8167, 246.9244, 251.29, 56379115.3650057
09/07/21, 246.6667, 253.40, 246.42, 250.9733, 60119488.2565348
09/03/21, 244.083, 244.6667, 241.40, 244.5233, 45813148.6714187
09/02/21, 244.8333, 246.99, 243.5133, 244.13, 38390218.8866836
09/01/21, 244.6933, 247.33, 243.7567, 244.6967, 39613018.8512225
08/31/21, 244.3333, 246.7967, 242.1467, 245.24, 62566315.1855769
08/30/21, 238.2383, 243.6667, 237.5767, 243.6367, 55812661.3814328
08/27/21, 235.00, 238.3333, 234.0334, 237.3067, 41501278.7964629
08/26/21, 236.1033, 238.4667, 232.54, 233.72, 39642868.8503568
08/25/21, 235.6767, 238.99, 234.6667, 237.0667, 37936678.8998363
08/24/21, 236.8933, 238.4067, 234.2133, 236.1633, 39249208.861773
08/23/21, 228.4807, 237.3766, 226.9168, 235.4333, 60794575.2369573
08/20/21, 227.6167, 230.71, 224.5667, 226.7533, 44525608.7087574
08/19/21, 226.07, 228.85, 222.53, 224.49, 42940468.7547264
08/18/21, 223.2493, 231.9233, 223.1167, 229.6633, 61048141.2296039
08/17/21, 224.22, 224.86, 216.28, 221.9033, 71163834.9362488
08/16/21, 235.0233, 236.50, 225.4667, 228.7233, 69309900.9900129
08/13/21, 241.2367, 243.30, 238.1133, 239.0567, 50194411.5443621
08/12/21, 235.4467, 240.9333, 233.1333, 240.75, 53045065.4616931
08/11/21, 237.57, 238.3933, 234.7367, 235.94, 29401673.1473515
08/10/21, 237.9967, 238.8633, 233.96, 236.6633, 40296928.8313891
08/09/21, 236.7233, 239.6767, 235.0433, 237.92, 44146048.7197646
08/06/21, 237.30, 238.7767, 232.5433, 233.0333, 46869148.6407947
08/05/21, 238.6667, 240.3166, 237.1367, 238.21, 38758918.8759914
08/04/21, 237.00, 241.6333, 236.31, 236.9733, 51007948.5207695
08/03/21, 239.6667, 240.8833, 233.67, 236.58, 64860748.1190383
08/02/21, 233.3333, 242.3133, 232.80, 236.5567, 100847307.075428
07/30/21, 223.9193, 232.51, 223.00, 229.0667, 88969221.4198926
07/29/21, 216.5967, 227.8967, 216.2667, 225.7833, 91183920.3556663
07/28/21, 215.665, 218.3233, 213.1334, 215.66, 48019798.6074258
07/27/21, 221.1333, 222.1667, 209.08, 214.9267, 98439864.1452439
07/26/21, 216.99, 222.7333, 215.7033, 219.2067, 76009680.7957192
07/23/21, 215.4533, 216.2667, 212.4334, 214.46, 43814818.7293703
07/22/21, 218.8143, 220.7233, 214.8667, 216.42, 45317188.6858015
07/21/21, 219.87, 221.62, 216.7634, 218.43, 41860018.7860595
07/20/21, 217.33, 220.7972, 213.5003, 220.1667, 46461388.6526197
07/19/21, 209.9633, 215.7333, 207.0967, 215.4067, 63891268.1471532
07/16/21, 218.2267, 218.90, 214.0667, 214.74, 49112908.5757256
07/15/21, 219.4633, 222.0467, 212.6267, 216.8667, 60628708.2417675
07/14/21, 223.5833, 226.2033, 217.6133, 217.7933, 64923565.1172166
07/13/21, 228.7733, 231.0933, 222.0986, 222.8467, 62898268.1759502
07/12/21, 220.7333, 229.08, 220.7203, 228.5667, 77781114.7443477
07/09/21, 217.7283, 219.6367, 214.8967, 218.9833, 54421651.4217721
07/08/21, 209.4567, 218.1433, 206.82, 217.6033, 68319958.0187212
07/07/21, 221.4233, 221.90, 212.7733, 214.8833, 56375881.3650994
07/06/21, 227.2372, 228.00, 217.1334, 219.86, 69853338.9742532
07/02/21, 226.3267, 233.3333, 224.42, 226.30, 81292098.6425291
07/01/21, 227.9733, 229.33, 224.2667, 225.9733, 55903558.3787968
06/30/21, 226.59, 230.9367, 226.0467, 226.5667, 56774575.3535373
06/29/21, 228.2167, 229.17, 225.2967, 226.92, 52143931.487826
06/28/21, 223.88, 231.5666, 223.44, 229.5733, 64884478.1183501
06/25/21, 229.86, 231.27, 222.90, 223.9567, 97490130.1727862
06/24/21, 224.9967, 232.54, 222.5367, 226.6067, 137947168.999532
06/23/21, 210.6667, 219.068, 210.0133, 218.8567, 93297687.2943671
06/22/21, 206.0833, 209.5231, 205.1667, 207.9033, 57476671.3331765
06/21/21, 208.16, 210.4633, 202.96, 206.9433, 74438217.8412917
06/18/21, 204.4567, 209.45, 203.9333, 207.77, 73682727.8632009
06/17/21, 200.6293, 207.1567, 200.4467, 205.5333, 68104048.0249826
06/16/21, 199.1783, 202.8333, 197.8333, 201.6233, 66432391.0734607
06/15/21, 205.5633, 205.5967, 199.41, 199.7867, 53292448.454519
06/14/21, 204.0767, 208.4967, 203.06, 205.8967, 61271938.2231138
06/11/21, 203.41, 204.1867, 200.5067, 203.2967, 48615898.5901389
06/10/21, 201.2933, 205.53, 200.1667, 203.3733, 71758818.9189942
06/09/21, 200.7233, 203.93, 199.21, 199.5933, 49753708.5571424
06/08/21, 207.67, 207.6967, 198.50, 201.1967, 78160221.7333536
06/07/21, 197.275, 203.3333, 194.2933, 201.71, 67631038.0386999
06/04/21, 193.2367, 200.2033, 192.40, 199.6833, 72110697.9087898
06/03/21, 200.60, 201.5167, 190.4067, 190.9467, 90335664.3802657
06/02/21, 206.71, 207.7867, 199.7133, 201.7067, 69908334.9726583
06/01/21, 209.2667, 211.2667, 206.85, 207.9667, 54254671.4266145
05/28/21, 209.50, 211.8633, 207.46, 208.4067, 68211115.0218777
05/27/21, 206.7467, 210.3767, 205.4033, 210.2833, 79111767.7057587
05/26/21, 202.52, 208.7233, 200.50, 206.3767, 85917930.50838
05/25/21, 202.4367, 204.6633, 198.57, 201.5633, 84017781.5634844
05/24/21, 193.8667, 204.8267, 191.2167, 202.1467, 103674266.993446
05/21/21, 198.7033, 198.8933, 193.3333, 193.6267, 78091797.7353379
05/20/21, 191.6667, 196.2833, 190.3567, 195.5933, 92463354.3185627
05/19/21, 184.1833, 188.7367, 182.3267, 187.82, 118735190.556679
05/18/21, 189.3333, 198.75, 187.7933, 192.6233, 110491694.795741
05/17/21, 191.851, 196.5767, 187.0667, 192.2767, 96743400.1944414
05/14/21, 194.47, 197.6233, 190.1533, 196.58, 100112574.096735
05/13/21, 200.515, 202.1533, 186.55, 190.5633, 132554762.155912
05/12/21, 200.83, 206.8033, 195.5883, 196.63, 101470941.057343
05/11/21, 199.7467, 209.0333, 198.5333, 205.7333, 139511689.954161
05/10/21, 221.6333, 221.6833, 209.2034, 209.68, 94177257.2688595
05/07/21, 221.9333, 230.00, 220.0733, 224.1233, 70407501.9581824
05/06/21, 226.92, 227.0067, 216.6667, 221.18, 83353854.5827382
05/05/21, 227.02, 228.4318, 222.4467, 223.6467, 65705671.0945355
05/04/21, 226.3133, 227.8155, 219.2337, 224.5333, 89217957.4126792
05/03/21, 234.60, 235.3333, 226.8333, 228.30, 81129420.6472468
04/30/21, 222.53, 238.49, 222.0467, 236.48, 122276153.453992
04/29/21, 233.17, 234.0833, 222.8334, 225.6667, 86536338.4904462
04/28/21, 232.1367, 236.1667, 231.20, 231.4667, 66813151.0624186
04/27/21, 239.32, 241.3333, 234.45, 234.9133, 88310997.4389811
04/26/21, 247.00, 249.7667, 244.2018, 246.0667, 93115497.2996506
04/23/21, 239.9333, 245.7867, 238.4867, 243.1333, 85241664.5279917
04/22/21, 247.1667, 251.2567, 239.3467, 239.8967, 106770782.903647
04/21/21, 234.9233, 248.28, 232.6667, 248.04, 93646527.2842507
04/20/21, 239.14, 245.75, 236.895, 239.6633, 106827113.902014
04/19/21, 239.8667, 241.80, 230.60, 238.21, 119058686.547298
04/16/21, 242.8833, 249.8033, 241.5333, 246.5933, 83938578.5657812
04/15/21, 247.70, 247.8967, 240.4367, 246.2833, 83546697.5771458
04/14/21, 256.90, 260.2633, 242.6767, 244.0767, 147052297.735483
04/13/21, 237.5667, 254.3333, 236.8867, 254.1067, 133958423.115206
04/12/21, 228.5667, 234.9333, 227.3633, 233.9933, 87407007.4651968
04/09/21, 225.9233, 226.99, 223.1433, 225.6733, 64311268.1349732
04/08/21, 225.7933, 229.85, 223.8817, 227.9333, 71772981.9185835
04/07/21, 229.00, 230.46, 222.6133, 223.6567, 78928287.7110796
04/06/21, 230.10, 232.1833, 227.1233, 230.54, 84815517.54035
04/05/21, 235.9033, 236.0533, 228.2333, 230.35, 125528306.359679
04/01/21, 229.4567, 230.8068, 219.8067, 220.5833, 105895133.929041
03/31/21, 215.54, 224.00, 213.7033, 222.6433, 100011864.099656
03/30/21, 200.5833, 212.5533, 197.0033, 211.8733, 118297073.569385
03/29/21, 205.2133, 205.4933, 198.6733, 203.7633, 85910967.5085819
03/26/21, 213.9567, 214.6067, 199.9633, 206.2367, 101558493.054804
03/25/21, 204.3333, 215.1667, 203.1667, 213.4633, 117674540.587438
03/24/21, 222.6367, 222.6733, 210.0367, 210.09, 101385501.05982
03/23/21, 225.2567, 225.9333, 219.17, 220.72, 91475604.3472075
03/22/21, 228.1967, 233.2067, 222.9167, 223.3333, 118536653.562437
03/19/21, 215.5333, 219.0767, 208.2067, 218.29, 128681936.268224
03/18/21, 228.0967, 229.7433, 217.3333, 217.72, 100107057.096895
03/17/21, 218.9567, 234.5767, 217.0033, 233.9367, 121117343.487597
03/16/21, 234.45, 235.9733, 223.6667, 225.6267, 96587007.1989768
03/15/21, 231.3633, 237.7267, 228.0133, 235.98, 88270437.4401573
03/12/21, 223.3333, 231.6267, 222.0465, 231.2433, 100751517.078206
03/11/21, 233.1333, 234.1667, 225.7267, 233.20, 108761657.845912
03/10/21, 233.4333, 239.2833, 218.3533, 222.6867, 181817010.727307
03/09/21, 202.7267, 226.03, 198.4033, 224.5267, 202569978.125471
03/08/21, 200.1833, 206.7083, 186.2633, 187.6667, 155360878.494535
03/05/21, 208.6867, 209.2806, 179.83, 199.3167, 268189375.222508
03/04/21, 218.60, 291.3134, 200.00, 207.1467, 197758587.265001
03/03/21, 229.33, 233.5667, 217.235, 217.7333, 90623880.3719075
03/02/21, 239.4267, 240.37, 228.3333, 228.8133, 71196477.9353021
03/01/21, 230.0367, 290.6667, 228.35, 239.4767, 81408717.6391472
02/26/21, 233.3333, 235.5667, 219.8367, 225.1667, 123267500.425242
02/25/21, 242.05, 245.7355, 223.5267, 227.4067, 117071573.604924
02/24/21, 237.2833, 248.3333, 231.39, 247.34, 110300855.801275
02/23/21, 220.71, 237.87, 206.3333, 232.9467, 199820643.205201
02/22/21, 254.2133, 256.1667, 236.7333, 238.1667, 111809153.757535
02/19/21, 265.00, 265.5966, 259.1234, 260.4333, 56874778.3506314
02/18/21, 260.30, 264.8967, 258.7567, 262.46, 53871181.4377357
02/17/21, 259.6967, 266.6133, 254.0033, 266.05, 78236697.7311358
02/16/21, 272.6667, 273.6667, 264.1467, 265.4067, 59406958.2771982
02/12/21, 267.0867, 272.4434, 261.7769, 272.04, 71304930.932157
02/11/21, 270.8134, 276.6266, 267.2417, 270.5533, 64868248.1188208
02/10/21, 281.2117, 281.6067, 266.6733, 268.2733, 108648266.8492
02/09/21, 285.04, 286.60, 280.5833, 283.1533, 45472948.6812845
02/08/21, 289.89, 292.59, 284.9167, 287.8067, 60485161.2459303
02/05/21, 281.6667, 288.2567, 279.6567, 284.0767, 55699921.3847023
02/04/21, 285.00, 285.50, 277.8067, 283.33, 47437978.6242986
02/03/21, 292.34, 292.6934, 284.3549, 284.8967, 55030528.4041147
02/02/21, 281.56, 293.50, 280.7335, 290.93, 73038618.8818801
02/01/21, 271.43, 280.6667, 265.1867, 279.9367, 76174170.790949
01/29/21, 276.6667, 280.8033, 260.0333, 264.51, 104972258.955804
01/28/21, 273.3333, 282.6667, 267.00, 278.4767, 79134144.7051098
01/27/21, 290.1167, 297.1667, 286.22, 288.0533, 82001880.6219455
01/26/21, 297.1267, 298.6334, 290.5333, 294.3633, 69394797.9875508
01/25/21, 285.00, 300.1334, 279.6067, 293.60, 123520190.417914
01/22/21, 278.1033, 282.6667, 276.2067, 282.2133, 60199498.2542146
01/21/21, 285.00, 285.24, 280.4734, 281.6633, 61794391.2079626
01/20/21, 286.2467, 286.50, 279.0933, 283.4833, 76997640.7670684
01/19/21, 279.2667, 283.3333, 277.6667, 281.5167, 76100937.7930728
01/15/21, 284.00, 286.6334, 273.0333, 275.3867, 116332802.626349
01/14/21, 281.13, 287.6667, 279.5833, 281.6667, 93798981.2798296
01/13/21, 284.2534, 286.8233, 277.3333, 284.8033, 99937497.1018126
01/12/21, 277.00, 289.3333, 275.78, 283.1467, 138812152.974448
01/11/21, 283.1334, 284.81, 267.8741, 270.3967, 178662450.818789
01/08/21, 285.3333, 294.83, 279.4633, 293.34, 225166586.470169
01/07/21, 259.21, 272.33, 258.40, 272.0133, 154496854.519591
01/06/21, 252.83, 258.00, 249.70, 251.9933, 134099903.111103
01/05/21, 241.22, 246.9467, 239.7333, 245.0367, 96735501.1946705
01/04/21, 239.82, 248.1633, 239.0632, 243.2567, 145914568.768478
12/31/20, 233.33, 239.5733, 230.3733, 235.2233, 148949785.680456
12/30/20, 224.00, 232.20, 222.7868, 231.5933, 128538056.272396
12/29/20, 220.3333, 223.30, 218.3333, 221.9967, 68732425.0067597
12/28/20, 224.8367, 227.1333, 220.2667, 221.23, 96835680.1917653
12/24/20, 214.33, 222.03, 213.6667, 220.59, 68596702.0106956
12/23/20, 210.7333, 217.1666, 207.5234, 215.3267, 99518904.1139518
12/22/20, 216.00, 216.6267, 204.7433, 213.4467, 155584918.488037
12/21/20, 222.08, 222.8333, 215.3567, 216.62, 174135780.950062
12/18/20, 222.9667, 231.6667, 209.5133, 231.6667, 666378589.675021
12/17/20, 209.3967, 219.6067, 206.50, 218.6333, 168810418.104498
12/16/20, 209.41, 210.8333, 201.6667, 207.59, 126287423.337665
12/15/20, 214.4267, 215.6333, 207.9333, 211.0833, 135670673.06555
12/14/20, 206.3333, 214.25, 203.40, 213.2767, 156121939.472464
12/11/20, 205.0033, 208.00, 198.9333, 203.33, 139424902.956678
12/10/20, 191.4567, 209.25, 188.78, 209.0233, 201249438.163766
12/09/20, 217.8967, 218.1067, 196.00, 201.4933, 213873578.797666
12/08/20, 208.5017, 217.0933, 206.1667, 216.6267, 192795087.408942
12/07/20, 201.6399, 216.2619, 201.0167, 213.92, 168929128.101055
12/04/20, 197.0033, 199.68, 195.1667, 199.68, 88203930.442086
12/03/20, 196.6733, 199.6567, 194.1433, 197.7933, 127655996.297976
12/02/20, 185.48, 190.5133, 180.4033, 189.6067, 143326939.843519
12/01/20, 199.1967, 199.2833, 190.6833, 194.92, 121148492.486694
11/30/20, 200.7367, 202.60, 184.8367, 189.20, 189009135.518735
11/27/20, 193.72, 199.5933, 192.8167, 195.2533, 112683230.732186
11/25/20, 183.3533, 191.3333, 181.79, 191.3333, 146790475.743076
11/24/20, 180.1333, 186.6633, 175.40, 185.1267, 160945459.332582
11/23/20, 167.8333, 175.3333, 167.2633, 173.95, 150780898.627354
11/20/20, 165.9967, 167.50, 163.02, 163.2033, 98735763.1366629
11/19/20, 164.00, 169.5371, 162.5233, 166.4233, 187426050.564645
11/18/20, 149.45, 165.3333, 147.8334, 162.2133, 234132041.210171
11/17/20, 153.39, 154.00, 144.3367, 147.2033, 183564837.67662
11/16/20, 136.31, 137.4833, 134.6956, 136.03, 80515920.6650383
11/13/20, 136.95, 137.5106, 133.8867, 136.1667, 59491048.2747596
11/12/20, 138.35, 141.00, 136.5067, 137.2533, 59821498.2651766
11/11/20, 138.8167, 139.565, 136.86, 139.0433, 52073161.4898783
11/10/20, 140.03, 140.03, 132.01, 136.7867, 90852660.3652728
11/09/20, 146.50, 150.8333, 140.3333, 140.42, 104499089.969526
11/06/20, 145.3667, 145.5233, 141.4267, 143.3167, 65118028.1115772
11/05/20, 142.7667, 146.6667, 141.3334, 146.03, 85243557.5279368
11/04/20, 143.54, 145.1333, 139.0333, 140.3267, 96429180.2035538
11/03/20, 136.5767, 142.59, 135.5633, 141.30, 103055154.011401
11/02/20, 131.3333, 135.66, 130.7667, 133.5033, 87063354.4751627
10/30/20, 135.6318, 135.8638, 126.37, 129.3467, 127762919.294875
10/29/20, 136.6533, 139.3533, 135.4867, 136.9433, 67965931.028988
10/28/20, 138.8267, 139.5333, 135.3333, 135.34, 76354221.7857276
10/27/20, 141.2533, 143.50, 140.0333, 141.56, 68059528.0262737
10/26/20, 137.21, 141.92, 136.6667, 140.0933, 84717477.5431931
10/23/20, 140.6133, 140.962, 135.7934, 140.21, 101150937.066623
10/22/20, 147.3067, 148.41, 141.5033, 141.93, 119979569.520592
10/21/20, 140.90, 144.3167, 140.4167, 140.88, 97111380.18377
10/20/20, 143.9167, 143.9167, 139.6834, 140.6467, 94968858.2459031
10/19/20, 148.7467, 149.00, 142.9567, 143.61, 108863516.842958
10/16/20, 151.48, 151.9833, 146.2833, 146.5567, 98327634.1484986
10/15/20, 150.1033, 152.19, 147.50, 149.6267, 107017052.896505
10/14/20, 149.9267, 155.30, 149.1167, 153.7667, 144136168.820051
10/13/20, 147.7833, 149.63, 145.5333, 148.8833, 103391013.001661
10/12/20, 147.3333, 149.58, 146.1933, 147.4333, 116373383.625172
10/09/20, 143.3767, 144.8633, 142.1534, 144.6667, 86776977.4834676
10/08/20, 146.1467, 146.3333, 141.7667, 141.9733, 121263359.483363
10/07/20, 139.9567, 143.30, 137.9483, 141.7667, 129383129.247889
10/06/20, 141.2633, 142.9266, 135.35, 137.9933, 147438769.724276
10/05/20, 141.1167, 144.5467, 139.7767, 141.8933, 134168375.109117
10/02/20, 140.4633, 146.3767, 138.3333, 138.3633, 214290086.785588
10/01/20, 146.92, 149.6267, 144.8067, 149.3867, 152224342.585494
09/30/20, 140.44, 144.6433, 140.1567, 143.0033, 144436693.811336
09/29/20, 138.6667, 142.8333, 137.20, 139.69, 151024189.620298
09/28/20, 141.54, 142.6933, 138.5167, 140.40, 149158672.674398
09/25/20, 131.1567, 136.2441, 130.4333, 135.78, 201625377.152864
09/24/20, 121.2667, 133.1667, 117.10, 129.2633, 289683156.599188
09/23/20, 135.0533, 137.3833, 125.2934, 126.7867, 285222531.728547
09/22/20, 143.20, 145.92, 139.20, 141.41, 238742384.076471
09/21/20, 151.0433, 151.8933, 135.69, 149.7967, 328430381.475519
09/18/20, 149.3133, 150.3333, 142.9333, 147.3833, 259220428.482608
09/17/20, 138.5333, 145.93, 136.00, 141.1433, 230337461.320214
09/16/20, 146.6233, 152.5967, 145.1033, 147.2533, 217640267.688432
09/15/20, 145.52, 153.98, 143.5667, 149.92, 291894693.535054
09/14/20, 126.9833, 140.00, 124.4333, 139.8733, 249061819.777207
09/11/20, 127.3133, 127.50, 120.1667, 124.24, 182152365.717581
09/10/20, 128.7367, 132.9967, 120.1867, 123.78, 254791819.611037
09/09/20, 118.8667, 123.00, 113.8367, 122.0933, 238397291.086479
09/08/20, 118.6667, 122.9133, 109.96, 110.07, 346397074.954485
09/04/20, 134.27, 142.6667, 124.0067, 139.44, 330965708.401994
09/03/20, 135.7433, 143.9333, 134.00, 135.6667, 262788250.379141
09/02/20, 159.6633, 159.68, 135.0402, 149.1233, 288528366.632677
09/01/20, 167.38, 167.4967, 156.8367, 158.35, 270358258.15961
08/31/20, 148.2033, 166.7133, 146.7033, 166.1067, 355123183.701428
08/28/20, 153.008, 154.566, 145.768, 147.56, 301217656.746423
08/27/20, 145.364, 153.04, 142.8333, 149.25, 355395569.362595
08/26/20, 137.3333, 144.40, 136.9086, 143.5447, 213590690.60201
08/25/20, 131.6593, 135.1967, 131.20, 134.8893, 159883342.965133
08/24/20, 141.7517, 141.9333, 128.5013, 134.28, 300954271.758012
08/21/20, 136.3173, 139.6993, 135.0033, 136.6653, 322343400.81689
08/20/20, 124.0453, 134.7993, 123.804, 133.4553, 309177001.396212
08/19/20, 124.3333, 127.40, 122.7473, 125.2353, 183079941.944482
08/18/20, 126.5993, 128.26, 123.0073, 125.806, 247117339.126837
08/17/20, 111.80, 123.0573, 111.522, 122.376, 303634786.640069
08/14/20, 110.9993, 111.2533, 108.4427, 110.0473, 188664141.698778
08/13/20, 107.40, 110.0787, 104.484, 108.0667, 306379666.519294
08/12/20, 98.00, 105.6667, 95.6667, 103.6507, 328482435.546773
08/11/20, 93.0667, 94.6667, 91.00, 91.626, 129387504.30695
08/10/20, 96.5333, 97.1667, 92.3893, 94.5713, 112833955.035306
08/07/20, 99.9691, 99.9833, 94.334, 96.8473, 133446294.128363
08/06/20, 99.3887, 101.154, 98.484, 99.3053, 89884691.0450736
08/05/20, 99.5327, 99.9892, 97.8873, 99.0013, 74670221.7145102
08/04/20, 99.6673, 101.8273, 97.4667, 99.1333, 126224844.446107
08/03/20, 96.6133, 100.654, 96.2923, 99.00, 132140184.185832
07/31/20, 101.00, 101.1367, 94.732, 95.384, 183704391.917007
07/30/20, 99.20, 100.8827, 98.0667, 99.166, 114315594.970114
07/29/20, 100.0667, 102.3207, 99.1333, 99.9407, 141403388.778251
07/28/20, 100.2667, 104.3133, 98.2947, 98.4327, 237130474.566259
07/27/20, 95.6667, 103.196, 94.20, 102.64, 240730054.407877
07/24/20, 94.4007, 97.6667, 91.1027, 94.4667, 290949272.198232
07/23/20, 111.93, 112.60, 98.718, 100.8713, 364927483.94319
07/22/20, 106.60, 108.428, 104.1333, 106.1553, 212416190.653688
07/21/20, 109.3287, 111.6667, 103.8667, 104.5573, 242359189.336196
07/20/20, 101.2673, 110.00, 99.20, 109.5333, 256820523.699897
07/17/20, 100.8967, 102.5007, 99.3333, 100.056, 139949573.842219
07/16/20, 98.4773, 102.114, 97.7333, 100.0427, 214511855.561478
07/15/20, 102.8667, 103.3333, 97.1333, 103.0673, 245517454.197232
07/14/20, 103.7333, 106.00, 95.40, 101.12, 351272099.544027
07/13/20, 110.60, 119.666, 98.074, 99.804, 584780359.269664
07/10/20, 93.0667, 103.261, 91.734, 102.9767, 350063249.597217
07/09/20, 93.1327, 93.904, 90.0853, 92.952, 175763992.266384
07/08/20, 93.6667, 94.484, 87.4227, 91.0587, 244669654.234535
07/07/20, 93.6673, 95.30, 89.114, 92.6573, 322344855.816826
07/06/20, 85.1127, 91.8527, 84.4029, 91.4387, 308547871.423894
07/02/20, 81.432, 81.8667, 79.04, 80.5773, 258751773.614922
07/01/20, 72.20, 75.6887, 72.0333, 74.642, 199903491.204246
06/30/20, 67.10, 72.5127, 66.9153, 71.9873, 253777488.83379
06/29/20, 64.6007, 67.3333, 63.2347, 67.29, 135396054.042574
06/26/20, 66.3187, 66.3333, 63.658, 63.9827, 132823614.155761
06/25/20, 63.618, 65.732, 62.4767, 65.732, 138818228.891998
06/24/20, 66.274, 66.7257, 63.5428, 64.0567, 164393842.766671
06/23/20, 66.592, 67.4667, 66.2673, 66.7853, 95479060.7989213
06/22/20, 66.6633, 67.2587, 66.0013, 66.288, 95435245.8008491
06/19/20, 67.5187, 67.7313, 66.0893, 66.7267, 130196229.271366
06/18/20, 66.8667, 67.9467, 66.2981, 66.9307, 146279033.563722
06/17/20, 65.8473, 67.00, 65.5047, 66.1193, 148361993.472072
06/16/20, 67.4567, 67.5253, 64.1593, 65.4753, 210766190.726288
06/15/20, 61.186, 66.5893, 60.5667, 66.06, 235457674.639862
06/12/20, 65.3333, 65.8653, 60.84, 62.352, 251450523.936177
06/11/20, 66.0133, 67.9307, 64.80, 64.856, 238747189.495124
06/10/20, 66.1253, 68.4987, 65.50, 68.3367, 278451137.74815
06/09/20, 62.6673, 63.6293, 61.5954, 62.7113, 170822242.483821
06/08/20, 61.2667, 63.3333, 60.6107, 63.328, 212620940.644678
06/05/20, 58.5227, 59.1013, 57.7467, 59.044, 117178749.844135
06/04/20, 59.3253, 59.7167, 57.2293, 57.6253, 133315689.13411
06/03/20, 59.208, 59.8627, 58.6733, 58.864, 119242029.753351
06/02/20, 59.6467, 60.5773, 58.0667, 58.7707, 203483991.046704
06/01/20, 57.20, 59.9333, 56.94, 59.8733, 226279490.043702
05/29/20, 53.9167, 55.6667, 53.614, 55.6667, 177187342.203757
05/28/20, 54.234, 54.9833, 53.446, 53.7207, 109136590.19799
05/27/20, 54.724, 55.1807, 52.3333, 54.682, 173242942.37731
05/26/20, 55.6333, 55.64, 54.3803, 54.5913, 121346034.660774
05/22/20, 54.8116, 55.452, 54.1333, 54.4587, 149812133.408266
05/21/20, 54.40, 55.50, 53.0667, 55.1733, 183818691.911977
05/20/20, 54.70, 55.0667, 54.12, 54.3707, 109639060.175881
05/19/20, 54.3447, 54.8047, 53.7387, 53.8673, 144547823.639896
05/18/20, 55.1853, 55.648, 53.592, 54.242, 175471492.279254
05/15/20, 52.69, 53.6699, 52.4368, 53.278, 157776428.057837
05/14/20, 52.00, 53.5573, 50.9333, 53.5553, 205232855.969754
05/13/20, 54.722, 55.0667, 50.8867, 52.7307, 285982337.416777
05/12/20, 55.1333, 56.2193, 53.8667, 53.9607, 238603654.501439
05/11/20, 52.7007, 54.9333, 52.3333, 54.086, 247793989.097064
05/08/20, 52.918, 54.9333, 52.4673, 54.628, 241951339.354141
05/07/20, 51.814, 53.0933, 51.49, 52.0027, 172915342.391725
05/06/20, 51.7667, 52.6533, 50.7407, 52.172, 166848427.658669
05/05/20, 52.6527, 53.2613, 50.812, 51.214, 254874888.785505
05/04/20, 46.7333, 50.80, 46.5333, 50.746, 288556307.303522
05/01/20, 50.3333, 51.518, 45.536, 46.7547, 487977113.529007
04/30/20, 57.0127, 57.988, 50.90, 52.1253, 427077701.208581
04/29/20, 52.678, 53.5467, 52.2107, 53.3673, 243239674.297454
04/28/20, 53.0427, 53.6667, 50.446, 51.2747, 228329389.953507
04/27/20, 49.174, 53.2993, 49.00, 53.25, 310221571.350251
04/24/20, 47.3873, 48.7153, 46.5453, 48.3433, 198564141.263178
04/23/20, 48.5067, 48.9333, 46.8753, 47.042, 198550491.263778
04/22/20, 46.932, 48.9333, 45.914, 48.8073, 213372455.611612
04/21/20, 48.6747, 50.222, 44.9193, 45.7813, 303136306.662002
04/20/20, 48.8467, 51.038, 47.4807, 49.7573, 221195540.267396
04/17/20, 51.4853, 51.6633, 49.844, 50.2593, 196923441.335368
04/16/20, 47.796, 50.63, 47.1143, 49.6807, 309867871.365814
04/15/20, 49.4667, 50.2087, 47.3333, 48.6553, 353654984.43918
04/14/20, 46.598, 49.4587, 46.162, 47.326, 458647629.819504
04/13/20, 39.344, 43.4667, 38.702, 43.3967, 337131285.166223
04/09/20, 37.4727, 38.3455, 37.1407, 38.20, 204749990.991
04/08/20, 36.9467, 37.1472, 35.5553, 36.5893, 189840291.647027
04/07/20, 36.3333, 37.6667, 35.4893, 36.3633, 268796673.172946
04/06/20, 34.08, 34.7333, 33.1973, 34.416, 223527590.164786
04/03/20, 33.9667, 34.366, 31.226, 32.0007, 338431185.109028
04/02/20, 32.0687, 32.9507, 29.76, 30.298, 297876466.893435
04/01/20, 33.60, 34.2637, 31.6733, 32.104, 200297691.186901
03/31/20, 33.4167, 36.1973, 33.1333, 34.9333, 266572338.270817
03/30/20, 34.0173, 34.4431, 32.7487, 33.4753, 179971042.081274
03/27/20, 33.6667, 35.0533, 32.9353, 34.2907, 215661140.51091
03/26/20, 36.4927, 37.3333, 34.15, 35.2107, 261331188.501428
03/25/20, 36.35, 37.1333, 34.074, 35.95, 318341265.992984
03/24/20, 31.82, 34.246, 31.60, 33.6667, 343427504.88919
03/23/20, 28.9067, 29.4667, 27.3667, 28.9527, 246818254.139997
03/20/20, 29.2133, 31.80, 28.386, 28.502, 424282511.331569
03/19/20, 24.9798, 30.1333, 23.8973, 28.5093, 452931895.070996
03/18/20, 25.9333, 26.9907, 23.3673, 24.0813, 356792384.301135
03/17/20, 29.334, 31.4567, 26.40, 28.68, 359918684.163578
03/16/20, 31.30, 32.9913, 29.478, 29.6713, 307341901.476956
03/13/20, 39.6667, 40.5047, 33.4667, 36.4413, 339603765.057434
03/12/20, 38.726, 39.6333, 36.4167, 37.37, 283635752.520027
03/11/20, 42.68, 43.572, 40.8667, 42.282, 201203841.147031
03/10/20, 43.962, 44.5333, 40.5333, 43.022, 233916589.70767
03/09/20, 40.3593, 44.1999, 40.3333, 40.5333, 256106088.731332
03/06/20, 46.0003, 47.1333, 45.618, 46.8987, 189943791.642473
03/05/20, 48.2513, 49.7167, 47.8713, 48.3027, 162789892.837245
03/04/20, 50.9307, 51.1013, 48.3156, 49.9667, 225734690.067674
03/03/20, 53.6667, 53.7987, 47.7407, 49.7007, 386759982.982561
03/02/20, 47.4173, 49.5793, 45.778, 49.5747, 302924836.671307
02/28/20, 41.98, 46.0347, 40.768, 44.5327, 368462503.78765
02/27/20, 48.6667, 49.318, 44.60, 45.2667, 364157383.977075
02/26/20, 52.1667, 54.2207, 51.7407, 51.92, 212307590.658466
02/25/20, 56.60, 57.1067, 52.4667, 53.3273, 259357188.588284
02/24/20, 55.9333, 57.5667, 54.8133, 55.586, 227882389.973175
02/21/20, 60.4653, 60.8707, 58.6967, 60.0667, 215091740.535963
02/20/20, 60.7967, 60.80, 57.3293, 59.9607, 264523353.360972
02/19/20, 61.5667, 62.9853, 60.068, 61.1613, 381344398.220846
02/18/20, 56.1067, 57.3333, 55.4907, 57.2267, 250475523.979077
02/14/20, 52.4813, 54.198, 52.3667, 53.3353, 235405654.642151
02/13/20, 49.456, 54.5333, 49.00, 53.60, 394340262.649028
02/12/20, 51.858, 52.65, 50.8913, 51.1527, 180337042.06517
02/11/20, 51.2527, 52.2337, 50.5333, 51.6253, 175462042.27967
02/10/20, 53.3333, 54.666, 50.16, 51.4187, 370337383.705155
02/07/20, 48.7033, 51.3167, 48.6667, 49.8713, 255952788.738077
02/06/20, 46.6613, 53.0553, 45.80, 49.9307, 598211283.678703
02/05/20, 54.884, 56.3987, 46.9407, 48.98, 726357568.040266
02/04/20, 58.864, 64.5993, 55.592, 59.1373, 914081389.780418
02/03/20, 44.9127, 52.4093, 44.9013, 52.00, 708502468.825891
01/31/20, 42.6667, 43.5333, 42.168, 43.3713, 235789054.625281
01/30/20, 42.1613, 43.392, 41.20, 42.7207, 435085180.856252
01/29/20, 38.3793, 39.32, 37.8287, 38.7327, 273250067.976997
01/28/20, 37.8993, 38.454, 37.2053, 37.7933, 176827342.219597
01/27/20, 36.1327, 37.6293, 35.952, 37.2013, 204121056.018673
01/24/20, 38.042, 38.2573, 36.9507, 37.6547, 215303990.526624
01/23/20, 37.6167, 38.80, 37.0402, 38.1467, 294765572.030315
01/22/20, 38.126, 39.6333, 37.2733, 37.9707, 470535444.29644
01/21/20, 35.35, 36.572, 35.2273, 36.48, 267052083.249708
01/17/20, 33.8407, 34.378, 33.544, 34.0333, 204436056.004813
01/16/20, 32.9167, 34.2973, 32.8113, 34.2327, 326049735.653811
01/15/20, 35.3173, 35.856, 34.4524, 34.5667, 260532468.536571
01/14/20, 36.2837, 36.494, 34.9933, 35.8613, 435920695.819489
01/13/20, 32.90, 35.042, 32.80, 34.9907, 399518247.421197
01/10/20, 32.1193, 32.3293, 31.58, 31.8767, 194652441.435292
01/09/20, 33.14, 33.2533, 31.5247, 32.0893, 426947816.214296
01/08/20, 31.58, 33.2327, 31.2153, 32.8093, 467990844.408403
01/07/20, 30.76, 31.442, 30.2237, 31.2707, 273137102.981967
01/06/20, 29.3647, 30.104, 29.3333, 30.1027, 152362493.29605
01/03/20, 29.3667, 30.2667, 29.128, 29.534, 266920473.255499
01/02/20, 28.30, 28.713, 28.114, 28.684, 143375783.691465
12/31/19, 27.00, 28.086, 26.8053, 27.8887, 154386893.206977
12/30/19, 28.586, 28.60, 27.2839, 27.6467, 189019041.683162
12/27/19, 29.00, 29.0207, 28.4073, 28.692, 149352398.428494
12/26/19, 28.5273, 28.8987, 28.4233, 28.7293, 159724342.972129
12/24/19, 27.8907, 28.3647, 27.5125, 28.35, 120820794.683885
12/23/19, 27.452, 28.134, 27.3333, 27.948, 199992291.200339
12/20/19, 27.3527, 27.5333, 26.679, 27.0393, 221778140.241762
12/19/19, 26.488, 27.1233, 26.4333, 26.936, 271804653.040595
12/18/19, 25.3753, 26.348, 25.372, 26.21, 212045855.669982
12/17/19, 25.266, 25.70, 25.06, 25.266, 127556634.387508
12/16/19, 24.17, 25.574, 24.1667, 25.4333, 273314072.974181
12/13/19, 24.07, 24.3473, 23.6427, 23.8927, 97336195.7172074
12/12/19, 23.6613, 24.1827, 23.5487, 23.9787, 116643159.867701
12/11/19, 23.4584, 23.8127, 23.406, 23.5133, 103787425.433353
12/10/19, 22.664, 23.382, 22.6207, 23.256, 132599274.165632
12/09/19, 22.4393, 22.9633, 22.3387, 22.6353, 135603249.033457
12/06/19, 22.3333, 22.5907, 22.318, 22.3927, 114284049.971502
12/05/19, 22.1887, 22.2948, 21.8167, 22.0247, 56054637.5335959
12/04/19, 22.5167, 22.524, 22.19, 22.202, 83043806.3460725
12/03/19, 22.1747, 22.5273, 22.1457, 22.4133, 99202135.635106
12/02/19, 21.96, 22.4255, 21.9125, 22.3247, 91229785.9858894
11/29/19, 22.074, 22.084, 21.8333, 21.996, 36984433.3726849
11/27/19, 22.0747, 22.262, 21.9047, 22.086, 83451881.3281172
11/26/19, 22.3513, 22.3667, 21.8067, 21.928, 119343579.748882
11/25/19, 22.9547, 22.9713, 22.2973, 22.4227, 185186541.851792
11/22/19, 22.6773, 22.7333, 22.00, 22.2027, 253059603.865377
11/21/19, 23.634, 24.056, 23.6003, 23.6553, 91650190.9673916
11/20/19, 24.00, 24.08, 23.3047, 23.4813, 101009470.555583
11/19/19, 23.45, 23.9993, 23.1867, 23.968, 116041164.894189
11/18/19, 23.5278, 23.5433, 23.0733, 23.3327, 66127572.0903868
11/15/19, 23.376, 23.52, 23.224, 23.478, 72188441.8237085
11/14/19, 23.074, 23.5893, 22.8607, 23.29, 97075540.7286762
11/13/19, 23.6667, 23.7553, 23.012, 23.074, 127017954.41121
11/12/19, 23.1267, 23.358, 22.936, 23.3287, 110390740.142807
11/11/19, 22.93, 23.2793, 22.80, 23.006, 149905328.404165
11/08/19, 22.30, 22.4973, 22.1667, 22.476, 91113310.9910143
11/07/19, 21.9427, 22.7667, 21.868, 22.3693, 217010255.451549
11/06/19, 21.20, 21.7813, 20.9667, 21.772, 119113974.758985
11/05/19, 21.308, 21.5673, 21.0745, 21.148, 104151250.417345
11/04/19, 20.9867, 21.4627, 20.6173, 21.1647, 131805594.200554
11/01/19, 21.088, 21.0987, 20.6533, 20.8873, 95758930.786607
10/31/19, 20.8733, 21.2667, 20.8667, 20.9947, 76004336.6558092
10/30/19, 20.8667, 21.2527, 20.6647, 21.0007, 144627143.636406
10/29/19, 21.3327, 21.62, 20.9833, 21.0813, 190264041.628382
10/28/19, 21.836, 22.7227, 21.5067, 21.8473, 283054322.54561
10/25/19, 19.848, 22.00, 19.7407, 21.8753, 450091300.195983
10/24/19, 19.8913, 20.3287, 19.28, 19.9787, 447288430.319309
10/23/19, 16.9667, 17.076, 16.7567, 16.9787, 168242692.597321
10/22/19, 16.9547, 17.222, 16.7233, 17.0387, 69376421.9474374
10/21/19, 17.222, 17.30, 16.6787, 16.90, 76621511.6286534
10/18/19, 17.38, 17.52, 17.0067, 17.13, 86304986.2025806
10/17/19, 17.50, 17.652, 17.3447, 17.4647, 71685641.8458317
10/16/19, 17.1593, 17.4733, 17.128, 17.3167, 100564540.57516
10/15/19, 17.18, 17.3333, 16.9413, 17.1927, 97191835.7235592
10/14/19, 16.5267, 17.2367, 16.4753, 17.1307, 153402893.250273
10/11/19, 16.4767, 16.7387, 16.454, 16.526, 127322394.397815
10/10/19, 16.352, 16.6187, 16.1053, 16.316, 94701250.8331449
10/09/19, 16.088, 16.4863, 16.0433, 16.302, 104025490.422878
10/08/19, 15.7247, 16.2627, 15.6333, 16.0033, 130535064.256457
10/07/19, 15.32, 15.904, 15.2367, 15.848, 121304349.662609
10/04/19, 15.4407, 15.652, 15.2047, 15.4287, 120317694.706021
10/03/19, 15.4573, 15.632, 14.952, 15.5353, 227066390.009079
10/02/19, 16.2193, 16.31, 15.962, 16.2087, 93848215.8706784
10/01/19, 16.10, 16.3967, 15.942, 16.3127, 92944345.9104487
09/30/19, 16.20, 16.2653, 15.7407, 16.058, 89192411.0755339
09/27/19, 16.1467, 16.5807, 15.9153, 16.142, 166847692.658701
09/26/19, 15.3773, 16.2207, 15.16, 16.1707, 181181842.027999
09/25/19, 14.9707, 15.2653, 14.5573, 15.2467, 141664268.766772
09/24/19, 16.1013, 16.1327, 14.8407, 14.8807, 194116641.458868
09/23/19, 16.00, 16.3453, 15.948, 16.082, 65874447.1015243
09/20/19, 16.4327, 16.4631, 15.8773, 16.0413, 97593955.7058659
09/19/19, 16.40, 16.5293, 16.3227, 16.44, 73247006.7771316
09/18/19, 16.3333, 16.5446, 16.158, 16.2327, 63421542.2094521
09/17/19, 16.1647, 16.3733, 16.0247, 16.3193, 59203632.3950402
09/16/19, 16.40, 16.4953, 16.078, 16.1873, 70921436.8794568
09/13/19, 16.464, 16.5633, 16.3243, 16.3467, 79697171.4933244
09/12/19, 16.5133, 16.90, 16.2933, 16.3913, 128718144.336402
09/11/19, 15.8253, 16.5449, 15.7333, 16.4733, 150641693.371765
09/10/19, 15.3867, 15.7027, 15.2627, 15.7027, 73255706.7767489
09/09/19, 15.3333, 15.584, 15.282, 15.4527, 72040031.8302386
09/06/19, 15.1467, 15.3093, 15.0113, 15.1633, 62840577.2350146
09/05/19, 14.8333, 15.32, 14.7233, 15.3053, 111049825.113808
09/04/19, 15.126, 15.2307, 14.6137, 14.712, 86530436.1926608
09/03/19, 14.9387, 15.2633, 14.8773, 15.0007, 80408186.4620398
08/30/19, 15.2767, 15.496, 14.9475, 15.0407, 139916633.843668
08/29/19, 14.60, 14.8933, 14.5333, 14.7807, 77746556.5791515
08/28/19, 14.246, 14.4833, 14.154, 14.3727, 48579372.8625076
08/27/19, 14.3827, 14.5867, 14.1353, 14.272, 81310901.4223203
08/26/19, 14.24, 14.3347, 14.1027, 14.3333, 75816206.6640869
08/23/19, 14.6647, 14.7447, 14.0667, 14.0933, 128395554.350596
08/22/19, 14.8533, 15.0267, 14.548, 14.81, 98474455.6671239
08/21/19, 14.8007, 14.8813, 14.5067, 14.722, 116996154.852169
08/20/19, 15.1747, 15.2727, 14.9693, 15.0573, 62557902.2474523
08/19/19, 14.9473, 15.1887, 14.78, 15.122, 79676216.4942464
08/16/19, 14.444, 14.816, 14.4013, 14.6627, 78110636.563132
08/15/19, 14.724, 14.7707, 14.1033, 14.376, 123479274.566912
08/14/19, 15.414, 15.4333, 14.446, 14.6413, 143438873.68869
08/13/19, 15.254, 15.7333, 15.17, 15.6667, 73034966.7864614
08/12/19, 15.5327, 15.718, 15.25, 15.2673, 69959051.9218017
08/09/19, 15.7369, 15.9307, 15.5873, 15.6673, 58473657.427159
08/08/19, 15.63, 15.9867, 15.51, 15.8867, 79115231.5189298
08/07/19, 15.10, 15.5713, 15.0533, 15.5613, 71647496.8475101
08/06/19, 15.4587, 15.50, 15.05, 15.3833, 83462996.3276281
08/05/19, 15.3067, 15.4245, 15.0517, 15.2213, 105424180.361336
08/02/19, 15.4233, 15.7513, 15.282, 15.6227, 92047210.9499227
08/01/19, 16.1767, 16.3007, 15.4513, 15.59, 123892734.54872
07/31/19, 16.20, 16.4453, 15.7767, 16.1073, 137673113.942383
07/30/19, 15.5267, 16.224, 15.4787, 16.1507, 121635204.648051
07/29/19, 15.1393, 15.7293, 15.0688, 15.718, 139099973.879601
07/26/19, 15.128, 15.3507, 14.8167, 15.2027, 150415493.381718
07/25/19, 15.5667, 15.6333, 15.0367, 15.2547, 336273705.203957
07/24/19, 17.278, 17.738, 17.2107, 17.6587, 166092592.691926
07/23/19, 17.114, 17.3653, 16.9667, 17.3447, 75346811.6847402
07/22/19, 17.25, 17.477, 16.9461, 17.0453, 102694090.48146
07/19/19, 17.046, 17.3307, 16.9747, 17.212, 105726145.34805
07/18/19, 17.0033, 17.05, 16.7923, 16.9027, 71467241.8554413
07/17/19, 17.0447, 17.2207, 16.89, 16.9907, 146470898.55528
07/16/19, 16.62, 16.902, 16.5288, 16.8253, 122234829.621667
07/15/19, 16.5333, 16.9613, 16.324, 16.90, 165001342.739941
07/12/19, 15.9833, 16.3587, 15.9807, 16.3387, 138007808.927656
07/11/19, 15.876, 16.10, 15.72, 15.9067, 112716445.040476
07/10/19, 15.61, 15.9293, 15.5427, 15.928, 137186033.963814
07/09/19, 15.2647, 15.40, 15.152, 15.3373, 92862520.914049
07/08/19, 15.416, 15.4833, 15.244, 15.356, 88208126.1188424
07/05/19, 15.638, 15.6967, 15.3867, 15.54, 105986065.336613
07/03/19, 15.9593, 16.1047, 15.634, 15.66, 213017255.627241
07/02/19, 15.2593, 15.2767, 14.8147, 14.97, 138885413.889042
07/01/19, 15.3473, 15.54, 15.0853, 15.1447, 123569454.562944
06/28/19, 14.7327, 15.0113, 14.72, 14.8973, 102770755.478087
06/27/19, 14.63, 14.86, 14.49, 14.856, 95095645.8157915
06/26/19, 14.6873, 15.1487, 14.54, 14.618, 127608114.385243
06/25/19, 14.9593, 15.0227, 14.6327, 14.6507, 92731060.9198333
06/24/19, 14.8827, 15.0573, 14.7347, 14.9093, 86261561.2044913
06/21/19, 14.4147, 14.812, 14.3667, 14.7907, 123031149.586629
06/20/19, 14.8667, 15.1267, 14.4233, 14.6413, 177951892.170117
06/19/19, 15.0073, 15.1847, 14.7373, 15.0953, 98627020.660411
06/18/19, 15.248, 15.6493, 14.8373, 14.9827, 190736841.607579
06/17/19, 14.3653, 15.1333, 14.2847, 15.002, 184751991.870912
06/14/19, 14.0833, 14.4433, 14.0267, 14.328, 111501025.093955
06/13/19, 14.0253, 14.3267, 13.834, 14.2607, 122523894.608949
06/12/19, 14.8633, 14.892, 13.9333, 13.9507, 227963089.969624
06/11/19, 14.6096, 14.7267, 14.2333, 14.4733, 174803092.308664
06/10/19, 14.0167, 14.4627, 13.934, 14.192, 158775593.013874
06/07/19, 13.6667, 14.0563, 13.5666, 13.6333, 240052939.437671
06/06/19, 13.6293, 14.0667, 13.4533, 13.73, 303632266.64018
06/05/19, 13.2453, 13.4185, 12.7899, 13.106, 202661391.082899
06/04/19, 12.0733, 12.932, 11.974, 12.9067, 207112790.887037
06/03/19, 12.3673, 12.4453, 11.7995, 11.9313, 195966141.37749
05/31/19, 12.34, 12.6614, 12.2733, 12.344, 156100943.131558
05/30/19, 12.5833, 12.817, 12.468, 12.548, 118897134.768526
05/29/19, 12.4733, 12.826, 12.336, 12.6573, 179529592.100698
05/28/19, 12.7467, 13.00, 12.5233, 12.58, 154693493.193486
05/24/19, 13.322, 13.332, 12.5834, 12.7087, 212048540.669864
05/23/19, 12.956, 13.2977, 12.4147, 13.0327, 398207097.478888
05/22/19, 13.2733, 13.596, 12.7853, 12.8487, 280277852.667774
05/21/19, 13.184, 13.8267, 13.0693, 13.672, 270058458.117428
05/20/19, 13.52, 13.7333, 13.0167, 13.6907, 307892971.452709
05/17/19, 14.7973, 14.816, 13.928, 14.0687, 266800068.260797
05/16/19, 15.2993, 15.40, 15.10, 15.222, 112249090.06104
05/15/19, 15.288, 15.496, 15.0167, 15.4633, 109439635.184656
05/14/19, 15.2867, 15.6333, 15.20, 15.4873, 108786175.213408
05/13/19, 15.4673, 15.498, 14.9667, 15.134, 162521992.849032
05/10/19, 15.9833, 16.1327, 15.7347, 15.968, 105125035.374498
05/09/19, 16.1333, 16.2453, 15.7962, 16.132, 100670710.570489
05/08/19, 16.4627, 16.7066, 16.28, 16.3227, 92646595.9235497
05/07/19, 17.12, 17.1473, 16.34, 16.4707, 151971143.31327
05/06/19, 16.668, 17.2233, 16.5667, 17.0227, 162509092.8496
05/03/19, 16.2573, 17.1073, 16.2327, 17.002, 355601549.353532
05/02/19, 16.368, 16.4753, 15.848, 16.2733, 272390088.014836
05/01/19, 15.9233, 16.00, 15.4333, 15.6007, 160565227.93513
04/30/19, 16.1373, 16.2807, 15.80, 15.9127, 141969413.753346
04/29/19, 15.724, 16.2653, 15.478, 16.098, 250717188.968444
04/26/19, 16.4333, 16.4453, 15.4087, 15.676, 335410680.24193
04/25/19, 17.00, 17.2667, 16.4047, 16.5087, 327740850.579402
04/24/19, 17.59, 17.688, 17.20, 17.244, 160911742.919883
04/23/19, 17.3433, 17.7067, 17.05, 17.5933, 164157892.777053
04/22/19, 17.9333, 17.9787, 17.4987, 17.5167, 182207091.982888
04/18/19, 18.082, 18.3227, 17.9833, 18.2173, 88144871.1216256
04/17/19, 18.3167, 18.3193, 17.9023, 18.082, 76897016.6165312
04/16/19, 17.7167, 18.3333, 17.648, 18.224, 109093945.199866
04/15/19, 17.9087, 17.9253, 17.242, 17.7587, 150578693.374537
04/12/19, 18.0147, 18.13, 17.7887, 17.8467, 101189605.547657
04/11/19, 17.8867, 18.0333, 17.7067, 17.8947, 147538898.508288
04/10/19, 18.4493, 18.5587, 18.1928, 18.404, 105919705.339533
04/09/19, 18.11, 18.3333, 17.974, 18.154, 88560461.1033397
04/08/19, 18.5127, 18.744, 18.0293, 18.2133, 156156593.12911
04/05/19, 17.9907, 18.4067, 17.7407, 18.3307, 195573891.394749
04/04/19, 17.4593, 18.08, 17.3727, 17.852, 355810964.344317
04/03/19, 19.1547, 19.7447, 19.1447, 19.454, 118947954.76629
04/02/19, 19.22, 19.296, 18.9253, 19.0587, 82184096.3838997
04/01/19, 18.8413, 19.28, 18.7521, 19.2787, 121656579.64711
03/29/19, 18.58, 18.6773, 18.30, 18.6573, 89870066.045717
03/28/19, 18.4773, 18.6887, 18.34, 18.5747, 101611390.529099
03/27/19, 17.9167, 18.358, 17.8789, 18.322, 131687484.205751
03/26/19, 17.6293, 18.0173, 17.6287, 17.8513, 110264215.148374
03/25/19, 17.314, 17.5453, 16.964, 17.3613, 153225443.25808
03/22/19, 18.172, 18.1867, 17.60, 17.6353, 131184129.227898
03/21/19, 18.1733, 18.43, 17.8967, 18.268, 89206466.0749154
03/20/19, 17.9793, 18.3313, 17.7533, 18.24, 103623355.440572
03/19/19, 17.8333, 18.22, 17.564, 17.8313, 177009442.211584
03/18/19, 18.40, 18.5367, 17.82, 17.966, 154214693.214553
03/15/19, 18.9007, 18.915, 18.2933, 18.362, 221782940.241551
03/14/19, 19.4967, 19.6927, 19.2193, 19.3307, 106551700.311725
03/13/19, 18.9267, 19.466, 18.8467, 19.264, 102670795.482485
03/12/19, 19.0993, 19.2047, 18.7373, 18.8907, 112562050.04727
03/11/19, 18.9013, 19.4187, 18.70, 19.3947, 110884150.121097
03/08/19, 18.4607, 19.0393, 18.3927, 18.9427, 132294369.179048
03/07/19, 18.5893, 18.98, 18.2833, 18.4393, 141637253.767961
03/06/19, 18.432, 18.7671, 18.2927, 18.416, 155032343.178577
03/05/19, 18.80, 18.9333, 18.0067, 18.436, 281471087.615272
03/04/19, 19.8747, 19.9333, 18.852, 19.024, 256452288.716099
03/01/19, 20.4627, 20.4753, 19.46, 19.6527, 343670699.878489
02/28/19, 21.2613, 21.3333, 20.7207, 21.3253, 157809743.056371
02/27/19, 20.1187, 21.0863, 20.0367, 20.9827, 167758642.61862
02/26/19, 19.4813, 20.134, 19.2513, 19.8573, 128738034.335526
02/25/19, 19.8607, 20.1936, 19.80, 19.918, 99397825.6264956
02/22/19, 19.6327, 19.7667, 19.4733, 19.6473, 86108366.2112318
02/21/19, 20.1207, 20.216, 19.3667, 19.4153, 133637724.11994
02/20/19, 20.294, 20.42, 19.9333, 20.1707, 107131750.286203
02/19/19, 20.4373, 20.7696, 20.3647, 20.376, 62526642.2488277
02/15/19, 20.30, 20.5333, 20.26, 20.5253, 58574202.4227351
02/14/19, 20.2253, 20.4513, 20.0667, 20.2513, 78012476.567451
02/13/19, 20.8233, 20.85, 20.3713, 20.5447, 77124251.6065329
02/12/19, 21.08, 21.2127, 20.6413, 20.7873, 82763546.3584039
02/11/19, 20.7733, 21.24, 20.70, 20.856, 106945690.29439
02/08/19, 20.4553, 20.4963, 19.90, 20.3867, 87663176.1428202
02/07/19, 20.8867, 20.98, 20.20, 20.5007, 97809160.6963969
02/06/19, 21.306, 21.616, 21.0416, 21.148, 75578186.6745598
02/05/19, 20.8327, 21.496, 20.8166, 21.4233, 101141470.549775
02/04/19, 20.8653, 21.02, 20.1253, 20.8593, 110281225.147626
02/01/19, 20.3613, 21.0733, 20.2333, 20.814, 109251610.192929
01/31/19, 20.0667, 20.7709, 19.60, 20.468, 188538741.704295
01/30/19, 20.03, 20.60, 19.8993, 20.5847, 168754792.574789
01/29/19, 19.6847, 19.9038, 19.4533, 19.8307, 69325376.9496834
01/28/19, 19.5273, 19.8307, 19.1833, 19.7587, 96349180.760636
01/25/19, 19.626, 19.9013, 19.3033, 19.8027, 108871165.209669
01/24/19, 18.8687, 19.5787, 18.6189, 19.434, 120182319.711978
01/23/19, 19.50, 19.6333, 18.7793, 19.1727, 187949841.730207
01/22/19, 20.3213, 20.5333, 19.70, 19.928, 181001092.035952
01/18/19, 21.5333, 21.8086, 19.982, 20.1507, 362261384.060499
01/17/19, 23.0807, 23.4333, 22.9433, 23.154, 55150992.5733563
01/16/19, 22.9853, 23.4667, 22.90, 23.07, 70376081.9034524
01/15/19, 22.3333, 23.2533, 22.30, 22.962, 90848846.0026507
01/14/19, 22.8253, 22.8333, 22.2667, 22.2933, 78709256.5367927
01/11/19, 22.806, 23.2273, 22.5847, 23.1507, 75585776.6742258
01/10/19, 22.2933, 23.026, 22.1193, 22.998, 90845306.0028065
01/09/19, 22.3667, 22.9002, 22.098, 22.5687, 81494171.4142564
01/08/19, 22.7973, 22.934, 21.8013, 22.3567, 105127735.37438
01/07/19, 21.448, 22.4493, 21.1834, 22.3307, 113268370.016192
01/04/19, 20.40, 21.20, 20.182, 21.1793, 110911735.119884
01/03/19, 20.4667, 20.6267, 19.8253, 20.024, 104477755.402979
01/02/19, 20.4067, 21.0087, 19.92, 20.6747, 174879742.305291
12/31/18, 22.5193, 22.614, 21.684, 22.1867, 94535065.840457
12/28/18, 21.54, 22.416, 21.2273, 22.258, 149084873.440266
12/27/18, 21.3227, 21.4781, 20.10, 21.0753, 128626989.340412
12/26/18, 20.00, 21.798, 19.606, 21.7393, 122447064.612329
12/24/18, 20.90, 20.9667, 19.6797, 19.6927, 83398691.3304575
12/21/18, 21.16, 21.5647, 20.8293, 21.318, 120252009.708912
12/20/18, 21.8036, 22.0193, 20.7913, 21.0253, 136077864.012574
12/19/18, 22.5067, 23.134, 21.9827, 22.198, 124112709.539041
12/18/18, 23.3693, 23.4367, 22.246, 22.4687, 106499995.314
12/17/18, 24.1333, 24.38, 22.9253, 23.228, 115110114.935155
12/14/18, 25.00, 25.1913, 24.2887, 24.3807, 95063320.8172138
12/13/18, 24.6767, 25.1627, 24.45, 25.1193, 110487805.138537
12/12/18, 24.628, 24.794, 24.344, 24.44, 75405716.6821484
12/11/18, 24.6607, 24.8113, 24.0153, 24.4507, 94631530.8362126
12/10/18, 24.00, 24.3987, 23.5413, 24.3433, 99201820.6351198
12/07/18, 24.60, 25.2993, 23.8433, 23.8643, 172667692.402621
12/06/18, 23.734, 24.492, 23.384, 24.204, 117637614.823945
12/04/18, 23.7367, 24.5787, 23.4667, 23.98, 126929169.415116
12/03/18, 24.00, 24.40, 23.4667, 23.8993, 124597674.517702
11/30/18, 22.7887, 23.44, 22.551, 23.3653, 84433421.2849294
11/29/18, 23.1333, 23.1667, 22.6367, 22.7447, 46210857.9667222
11/28/18, 23.066, 23.2187, 22.814, 23.1913, 61913667.2757986
11/27/18, 22.67, 23.1307, 22.3667, 22.928, 95374495.8035221
11/26/18, 21.6667, 23.0813, 21.6667, 23.0667, 119882109.725187
11/23/18, 22.2897, 22.50, 21.7033, 21.722, 63039627.2262564
11/21/18, 23.4667, 23.54, 22.4933, 22.546, 70302116.9067068
11/20/18, 22.7833, 23.32, 22.2367, 23.166, 120070629.716892
11/19/18, 23.756, 24.45, 23.5253, 23.5647, 145633058.592145
11/16/18, 23.0127, 23.7133, 23.008, 23.6207, 108092860.243914
11/15/18, 22.822, 23.2387, 22.6027, 23.2293, 69385766.9470262
11/14/18, 22.8467, 23.1407, 22.4767, 22.9333, 75604301.6734107
11/13/18, 22.2107, 22.98, 22.1467, 22.582, 81728951.4039261
11/12/18, 23.2247, 23.3187, 22.0227, 22.0853, 104122840.418595
11/09/18, 23.2667, 23.60, 23.0153, 23.3673, 76482686.6347618
11/08/18, 23.2333, 23.8384, 23.2293, 23.4267, 106360105.320155
11/07/18, 22.8893, 23.412, 22.72, 23.2107, 110617825.132816
11/06/18, 22.6047, 23.2533, 22.406, 22.7373, 101443330.536493
11/05/18, 22.70, 22.9303, 22.0093, 22.76, 117465714.831508
11/02/18, 22.916, 23.28, 22.7273, 23.094, 117119574.846739
11/01/18, 22.5507, 23.1893, 22.315, 22.952, 120001974.719913
10/31/18, 22.1693, 22.80, 21.94, 22.488, 114365214.96793
10/30/18, 21.8927, 22.5267, 21.484, 21.9933, 136900553.976376
10/29/18, 22.498, 23.144, 21.7667, 22.3233, 217290455.43922
10/26/18, 20.55, 22.66, 20.4433, 22.06, 411382781.899157
10/25/18, 21.148, 21.40, 20.0673, 20.9907, 312610801.245125
10/24/18, 20.07, 20.296, 19.0487, 19.2333, 300873886.761549
10/23/18, 17.5913, 19.862, 17.4733, 19.6093, 285416267.441684
10/22/18, 17.3787, 17.4573, 16.8393, 17.3967, 84003896.3038285
10/19/18, 17.826, 17.9773, 16.90, 17.3333, 140633228.812138
10/18/18, 17.9527, 18.0667, 17.5333, 17.594, 81317756.4220187
10/17/18, 18.8267, 18.8467, 17.7202, 18.1187, 129833124.287342
10/16/18, 17.7133, 18.4917, 17.4827, 18.4393, 142895993.712576
10/15/18, 17.2707, 17.552, 16.9691, 17.306, 92999470.9080232
10/12/18, 17.40, 17.466, 16.8007, 17.252, 108021055.247074
10/11/18, 17.1687, 17.4833, 16.602, 16.8153, 122516064.609293
10/10/18, 17.6407, 17.7007, 16.518, 17.1253, 192229191.541915
10/09/18, 17.0167, 17.7847, 16.8867, 17.52, 180908542.040024
10/08/18, 17.6347, 17.8507, 16.60, 16.704, 202089741.108051
10/05/18, 18.31, 18.3253, 17.3333, 17.4633, 269168043.156606
10/04/18, 19.5967, 19.60, 18.5113, 18.7887, 147213173.52262
10/03/18, 20.222, 20.3067, 19.438, 19.6533, 119924814.723308
10/02/18, 20.93, 21.1227, 19.9433, 20.068, 176152642.249284
10/01/18, 20.3847, 20.7627, 20.07, 20.7133, 326663985.626784
09/28/18, 18.0173, 18.5333, 17.3703, 17.6513, 504745297.791207
09/27/18, 20.86, 20.9973, 20.4607, 20.5013, 127636254.384005
09/26/18, 20.1273, 20.926, 20.074, 20.6387, 117648234.823478
09/25/18, 20.00, 20.3067, 19.7667, 20.066, 67225932.042059
09/24/18, 19.8987, 20.20, 19.572, 19.9787, 72644411.8036458
09/21/18, 19.8467, 20.0387, 19.6913, 19.94, 75757166.6666846
09/20/18, 20.2373, 20.3987, 19.5553, 19.8887, 110241310.149382
09/19/18, 18.7007, 20.00, 18.70, 19.9347, 124423749.525355
09/18/18, 19.7793, 20.176, 18.3667, 18.9973, 248212789.078637
09/17/18, 19.336, 20.058, 19.2087, 19.656, 103313650.454199
09/14/18, 19.2507, 19.8217, 19.1013, 19.68, 101484175.534696
09/13/18, 19.2013, 19.6667, 19.012, 19.2973, 95105035.8153784
09/12/18, 18.7627, 19.50, 18.5764, 19.3693, 150231443.389816
09/11/18, 18.6313, 18.80, 18.2367, 18.6293, 137549828.947807
09/10/18, 18.2173, 19.0687, 18.0667, 19.0333, 214252940.572871
09/07/18, 17.34, 17.89, 16.817, 17.5493, 337378965.155325
09/06/18, 18.9867, 19.4113, 18.592, 18.73, 112211395.062699
09/05/18, 19.0033, 19.1187, 18.4787, 18.716, 115812309.904258
09/04/18, 19.796, 19.8793, 19.20, 19.2633, 125257029.488691
08/31/18, 20.1333, 20.3539, 19.9067, 20.1107, 80626556.4524315
08/30/18, 20.1507, 20.3067, 19.848, 20.21, 108250585.236974
08/29/18, 20.6847, 20.79, 20.246, 20.334, 111710875.084721
08/28/18, 21.2273, 21.2587, 20.746, 20.7907, 114736359.9516
08/27/18, 21.20, 21.4957, 20.5873, 21.2847, 196189341.367669
08/24/18, 21.38, 21.59, 21.2933, 21.5213, 54038457.6223078
08/23/18, 21.276, 21.8213, 21.2067, 21.34, 77209286.6027914
08/22/18, 21.3913, 21.592, 20.978, 21.4427, 89189321.0756698
08/21/18, 20.7073, 21.6527, 20.60, 21.46, 197583441.306328
08/20/18, 19.4469, 20.5667, 19.2133, 20.5627, 261035088.514456
08/17/18, 21.5667, 21.7847, 20.2353, 20.3667, 284379122.487318
08/16/18, 22.6607, 22.8187, 22.2547, 22.3633, 90960490.9977384
08/15/18, 22.7937, 22.966, 22.1427, 22.5793, 136518863.99317
08/14/18, 23.8967, 23.9466, 23.14, 23.176, 104796415.388958
08/13/18, 24.0753, 24.2127, 23.268, 23.7607, 156958193.093839
08/10/18, 23.60, 24.00, 23.0667, 23.6993, 173280592.375654
08/09/18, 24.37, 24.4673, 23.0487, 23.4967, 257757153.658685
08/08/18, 24.606, 25.5093, 24.4747, 24.6893, 368567383.783035
08/07/18, 22.9227, 25.8307, 22.61, 25.3047, 463136544.621992
08/06/18, 23.0307, 23.6653, 22.788, 22.7993, 128464974.347541
08/03/18, 23.1873, 23.6667, 22.8353, 23.2113, 204847340.986717
08/02/18, 21.896, 23.3327, 21.544, 23.3027, 348224399.678126
08/01/18, 19.866, 20.20, 19.5333, 20.056, 151941443.314576
07/31/18, 19.4833, 19.888, 19.2713, 19.876, 76153736.6492356
07/30/18, 19.7267, 19.74, 19.0753, 19.3447, 102211075.502713
07/27/18, 20.4833, 20.5129, 19.6894, 19.812, 85549886.235805
07/26/18, 20.3233, 20.7133, 20.2427, 20.4433, 69457826.9438556
07/25/18, 19.7827, 20.6413, 19.6335, 20.5827, 106412695.317841
07/24/18, 20.2947, 20.5145, 19.503, 19.8287, 143861753.670083
07/23/18, 20.1227, 20.3667, 19.524, 20.2133, 164894242.744653
07/20/18, 21.4153, 21.5493, 20.7806, 20.9053, 77498201.5900791
07/19/18, 21.0887, 21.5693, 20.934, 21.3487, 88730171.0958724
07/18/18, 21.6667, 21.70, 21.0833, 21.59, 84363161.2880209
07/17/18, 20.5873, 21.6493, 20.5667, 21.5127, 104943475.382487
07/16/18, 20.7807, 21.0107, 20.4167, 20.6733, 117279819.839688
07/13/18, 21.0387, 21.3057, 20.6167, 21.258, 88136546.1219919
07/12/18, 21.4287, 21.5487, 20.8513, 21.114, 85817486.2240306
07/11/18, 21.0533, 21.4627, 21.0047, 21.264, 73261136.7765099
07/10/18, 21.6373, 21.8451, 21.28, 21.498, 142072463.748812
07/09/18, 20.7993, 21.2347, 20.5333, 21.234, 113951289.986143
07/06/18, 20.3303, 20.8047, 20.1333, 20.5933, 132981774.148802
07/05/18, 20.9173, 20.9593, 19.748, 20.6107, 262145523.465597
07/03/18, 22.1167, 22.166, 20.646, 20.724, 184239591.893458
07/02/18, 24.0047, 24.3187, 21.99, 22.338, 281396537.618552
06/29/18, 23.5553, 23.5907, 22.8273, 22.8633, 97385935.7150188
06/28/18, 23.244, 23.8013, 23.074, 23.3287, 125970069.457317
06/27/18, 23.00, 23.386, 22.6333, 22.9667, 125005914.49974
06/26/18, 22.4036, 22.9033, 21.7199, 22.80, 111787300.081359
06/25/18, 22.008, 22.5647, 21.8333, 22.2007, 103969555.42534
06/22/18, 23.436, 23.4833, 22.1333, 22.242, 153990893.224401
06/21/18, 24.1333, 24.4143, 23.0847, 23.1673, 119507169.741684
06/20/18, 23.8693, 24.292, 23.4667, 24.148, 125754834.466787
06/19/18, 24.344, 24.6667, 23.0833, 23.5033, 191428491.577146
06/18/18, 23.6933, 24.9153, 23.6333, 24.722, 181098442.031668
06/15/18, 23.5893, 24.3113, 23.4167, 23.878, 162723742.840155
06/14/18, 23.1753, 23.9167, 23.1067, 23.848, 164715292.752527
06/13/18, 23.1137, 23.1467, 22.6533, 22.9853, 142047053.74993
06/12/18, 22.98, 23.6647, 22.5333, 22.8513, 335210985.250716
06/11/18, 21.5007, 22.3107, 21.50, 22.14, 197752041.29891
06/08/18, 21.2667, 21.632, 21.1433, 21.1773, 123078024.584567
06/07/18, 21.0767, 22.00, 20.9053, 21.0727, 215179055.532121
06/06/18, 20.0333, 21.478, 19.832, 21.30, 281509052.613602
06/05/18, 19.8467, 19.8533, 19.116, 19.4087, 89927351.0431965
06/04/18, 19.6227, 19.9333, 19.5699, 19.7827, 71967146.8334455
06/01/18, 19.0573, 19.4633, 18.9226, 19.4547, 81365786.4199054
05/31/18, 19.1473, 19.358, 18.862, 18.982, 88795811.0929843
05/30/18, 18.886, 19.667, 18.7733, 19.448, 112345285.056807
05/29/18, 18.5673, 19.10, 18.41, 18.9173, 84999596.2600177
05/25/18, 18.5083, 18.6427, 18.374, 18.59, 58126227.442446
05/24/18, 18.56, 18.7407, 18.326, 18.5233, 62650617.2433728
05/23/18, 18.5173, 18.6607, 18.2667, 18.6047, 89775791.0498652
05/22/18, 19.1841, 19.20, 18.2281, 18.334, 134186334.095801
05/21/18, 18.7553, 19.4327, 18.7533, 18.966, 137738558.939503
05/18/18, 18.9767, 18.9767, 18.2667, 18.4547, 108778315.213754
05/17/18, 19.06, 19.2792, 18.9313, 18.9693, 66309177.0823962
05/16/18, 18.922, 19.254, 18.7707, 19.0987, 85110281.2551476
05/15/18, 19.0007, 19.1307, 18.70, 18.9453, 142786613.717389
05/14/18, 20.2213, 20.3293, 19.4413, 19.4647, 109302055.19071
05/11/18, 20.5133, 20.592, 19.9387, 20.0707, 70194731.9114318
05/10/18, 20.50, 20.866, 20.2741, 20.3347, 84773411.2699699
05/09/18, 20.0273, 20.4673, 20.0033, 20.4567, 85910471.2199392
05/08/18, 20.053, 20.5167, 19.9333, 20.1313, 88949996.0862001
05/07/18, 19.8333, 20.3973, 19.678, 20.1847, 130173354.272372
05/04/18, 18.8667, 19.7907, 18.6347, 19.606, 128540304.344227
05/03/18, 18.586, 19.2027, 18.3487, 18.9633, 260281953.547594
05/02/18, 19.9047, 20.4567, 19.8523, 20.0767, 134555544.079556
05/01/18, 19.5673, 20.0547, 19.548, 19.9947, 69384041.9471021
04/30/18, 19.574, 19.9153, 19.50, 19.5933, 63422577.2094066
04/27/18, 19.0247, 19.6313, 18.922, 19.605, 65469387.1193469
04/26/18, 18.5833, 19.0527, 18.4333, 19.032, 65340192.1250315
04/25/18, 18.90, 19.0107, 18.4833, 18.7127, 60203607.3510412
04/24/18, 19.00, 19.1393, 18.564, 18.8973, 85279616.2476968
04/23/18, 19.4193, 19.4413, 18.822, 18.8913, 73400666.7703706
04/20/18, 19.678, 19.9987, 19.3167, 19.3493, 84418916.2855676
04/19/18, 19.4053, 20.0673, 19.2367, 20.0053, 91358980.9802048
04/18/18, 19.4053, 20.016, 19.2107, 19.5567, 98365495.6719181
04/17/18, 19.258, 19.478, 18.834, 19.1793, 105000340.379985
04/16/18, 19.9333, 19.9773, 19.2673, 19.414, 95077315.8165981
04/13/18, 20.24, 20.2633, 19.732, 20.0227, 109908355.164032
04/12/18, 20.1547, 20.2633, 19.5787, 19.6053, 114131529.978213
04/11/18, 20.0493, 20.5987, 19.9773, 20.062, 112244170.061256
04/10/18, 19.9313, 20.4733, 19.5787, 20.3133, 165363892.723989
04/09/18, 20.0247, 20.6333, 19.2807, 19.3107, 153747143.235126
04/06/18, 20.0667, 20.6187, 19.70, 19.9533, 202804341.076609
04/05/18, 19.2893, 20.4173, 19.2133, 20.3813, 286816487.380074
04/04/18, 16.852, 19.2247, 16.80, 19.1293, 298451236.868145
04/03/18, 17.988, 18.2233, 16.966, 17.8353, 282665672.56271
04/02/18, 17.084, 17.3555, 16.306, 16.832, 241709539.36478
03/29/18, 17.0993, 18.064, 16.5473, 17.742, 227561254.987305
03/28/18, 17.6387, 17.912, 16.8067, 17.1853, 315021571.139051
03/27/18, 20.2667, 20.2847, 18.4787, 18.612, 208080455.84446
03/26/18, 20.4893, 20.506, 19.424, 20.2787, 125627634.472384
03/23/18, 20.75, 20.774, 20.03, 20.1027, 99823480.6077668
03/22/18, 20.926, 21.2547, 20.5453, 20.6067, 74096561.7397512
03/21/18, 20.6833, 21.496, 20.6793, 21.102, 89376161.0674489
03/20/18, 20.9913, 21.0833, 20.584, 20.7033, 71464391.8555667
03/19/18, 21.10, 21.3833, 20.6447, 20.904, 112264390.060367
